{"id":"clinical_insights_-_lab_value_extension","name":"Clinical Insights - Lab Value Extension","layout":"lab_type_whitelist","defaultTransforms":{"detectPreferredName":true,"normalizeCase":true},"concepts":[{"id":"e232be16-8a3c-440e-9515-2bcc326ac548","preferredName":"Oxygen Saturation Level","attributes":[{}],"surfaceForms":[{"text":"spo2"},{"text":"sp02"}],"artifactVersion":"2022-04-13T21:37:21.081199Z","disabled":false,"dictionary":"clinical_insights_-_lab_value_extension"},{"id":"dfff9691-9b13-4865-8324-5ecfaeeb72d0","preferredName":"TMax","attributes":[{}],"surfaceForms":[{"text":"tmax"}],"artifactVersion":"2022-04-13T21:37:21.083199Z","disabled":false,"dictionary":"clinical_insights_-_lab_value_extension"},{"id":"2a7cda70-0be4-4bc5-9fb4-e8bd1d79c7c6","preferredName":"Systolic Blood Pressure","attributes":[{}],"surfaceForms":[{"text":"systolic blood pressure"},{"text":"systolic bp"},{"text":"sbp"}],"artifactVersion":"2022-04-13T21:37:21.084199Z","disabled":false,"dictionary":"clinical_insights_-_lab_value_extension"},{"id":"744fd53c-215c-4353-a8f4-a4623857d913","preferredName":"Temperature","attributes":[{}],"surfaceForms":[{"text":"celsius"},{"text":"fahrenheit"},{"text":"degrees"},{"attributes":{"gen":"tolower"},"text":"degrees c"},{"attributes":{"gen":"tolower"},"text":"degrees f"}],"artifactVersion":"2022-04-13T21:37:21.085199Z","disabled":false,"dictionary":"clinical_insights_-_lab_value_extension"}]}