{"id":"acd.acd_clinical_insights_v1.0_clinical_abbreviations_-_umls_extension_dictionary","name":"Clinical Abbreviations - UMLS Extension Dictionary","layout":"umls","defaultTransforms":{"detectPreferredName":true,"normalizeCase":true,"detectUmlsSemanticType":true},"enableLinkedConcepts":true,"defaultLinkedConcepts":false,"concepts":[{"id":"C4047502","cui":"C4047502","preferredName":"Patient reported problems","attributes":[{"icd10Code":"Z76.89","icd9Code":"307.9","linked":"true","loincId":"LA9617-7,LP185407-6,MTHU048143","nciCode":"C28020","semanticType":"fndg","snomedConceptId":"447071000124102","type":"umls.Finding"}],"surfaceForms":[{"text":"complains of"},{"text":"complains about"},{"text":"c/o"},{"attributes":{"linkedFrom":"umls.2022aa"},"text":"patient reported problems"},{"attributes":{"linkedFrom":"umls.2022aa"},"text":"patient reported problem"}],"artifactVersion":"2022-04-13T21:37:21Z","disabled":false,"linkedConcept":true,"dictionary":"clinical_abbreviations_-_umls_extension_dictionary"},{"id":"C0419179","cui":"C0419179","preferredName":"NPO - Nothing by mouth","attributes":[{"loincId":"LA16917-9","nciCode":"C28250","semanticType":"topp","snomedConceptId":"182923009","type":"umls.TherapeuticOrPreventiveProcedure"}],"surfaceForms":[{"text":"npo"},{"text":"n.p.o."}],"artifactVersion":"2022-04-13T21:37:21Z","disabled":false,"dictionary":"clinical_abbreviations_-_umls_extension_dictionary"},{"id":"C0443315","cui":"C0443315","preferredName":"subcutaneous","attributes":[{"nciCode":"C13353","semanticType":"spco","snomedConceptId":"263887005","type":"umls.SpatialConcept"}],"surfaceForms":[{"text":"subcu"},{"text":"subcutaneous"},{"text":"subq"},{"text":"s.c."}],"artifactVersion":"2022-04-13T21:37:21Z","disabled":false,"dictionary":"clinical_abbreviations_-_umls_extension_dictionary"},{"id":"C0262926","cui":"C0262926","preferredName":"Medical History","attributes":[{"loincId":"MTHU000077,LP7800-8,LP128548-7,MTHU040244,LP91302-7","meshId":"M0010437","nciCode":"C18772","semanticType":"fndg","snomedConceptId":"392521001","type":"umls.Finding"}],"surfaceForms":[{"text":"pmh"},{"text":"hx"},{"text":"ho"},{"text":"h/x"},{"text":"h/o"},{"text":"h.o."}],"artifactVersion":"2022-04-13T21:37:21Z","disabled":false,"dictionary":"clinical_abbreviations_-_umls_extension_dictionary"},{"id":"C0004245","cui":"C0004245","preferredName":"Atrioventricular Block","attributes":[{"icd10Code":"I44.3,I44.30","meshId":"M0009943","nciCode":"C26703","semanticType":"dsyn","snomedConceptId":"233917008","type":"umls.DiseaseOrSyndrome"}],"surfaceForms":[{"text":"avb"}],"artifactVersion":"2022-04-13T21:37:21Z","disabled":false,"dictionary":"clinical_abbreviations_-_umls_extension_dictionary"},{"id":"C0277786","cui":"C0277786","preferredName":"Chief complaint (finding)","attributes":[{"icd10Code":"R68.89","icd9Code":"780.99","linked":"true","loincId":"LA7263-2,MTHU001077,LP156501-1,MTHU044495","nciCode":"C85497","semanticType":"fndg","snomedConceptId":"409586006,33962009","type":"umls.Finding"}],"surfaceForms":[{"text":"p/w"},{"attributes":{"linkedFrom":"umls.2022aa"},"text":"chief complaint"},{"attributes":{"linkedFrom":"umls.2022aa"},"text":"complaint of chief"},{"attributes":{"linkedFrom":"umls.2022aa"},"text":"complaint of the chief"},{"attributes":{"linkedFrom":"umls.2022aa"},"text":"chief complaints"},{"attributes":{"linkedFrom":"umls.2022aa"},"text":"complaints of chief"},{"attributes":{"linkedFrom":"umls.2022aa"},"text":"complaints of the chief"},{"attributes":{"linkedFrom":"umls.2022aa"},"text":"main complain"},{"attributes":{"linkedFrom":"umls.2022aa"},"text":"primary complaint"},{"attributes":{"linkedFrom":"umls.2022aa"},"text":"presenting complaint"},{"attributes":{"linkedFrom":"umls.2022aa"},"text":"complaint of primary"},{"attributes":{"linkedFrom":"umls.2022aa"},"text":"complaint of the primary"},{"attributes":{"linkedFrom":"umls.2022aa"},"text":"primary complaints"},{"attributes":{"linkedFrom":"umls.2022aa"},"text":"presenting complaints"},{"attributes":{"linkedFrom":"umls.2022aa"},"text":"complaints of primary"},{"attributes":{"linkedFrom":"umls.2022aa"},"text":"complaints of the primary"}],"artifactVersion":"2022-04-13T21:37:21Z","disabled":false,"linkedConcept":true,"dictionary":"clinical_abbreviations_-_umls_extension_dictionary"},{"id":"C0442816","cui":"C0442816","preferredName":"Normal limits","attributes":[{"linked":"true","loincId":"LA4439-1","semanticType":"fndg","snomedConceptId":"260394003","type":"umls.Finding"}],"surfaceForms":[{"text":"wnl"},{"attributes":{"linkedFrom":"umls.2022aa"},"text":"limits normal"},{"attributes":{"linkedFrom":"umls.2022aa"},"text":"normal limits"},{"attributes":{"linkedFrom":"umls.2022aa"},"text":"limit normal"},{"attributes":{"linkedFrom":"umls.2022aa"},"text":"normal limit"},{"attributes":{"linkedFrom":"umls.2022aa"},"text":"within normal limits"},{"attributes":{"linkedFrom":"umls.2022aa"},"text":"lim. normal"},{"attributes":{"linkedFrom":"umls.2022aa"},"text":"normal lim."},{"attributes":{"linkedFrom":"umls.2022aa"},"text":"lim.. normal"},{"attributes":{"linkedFrom":"umls.2022aa"},"text":"normal lim.."},{"attributes":{"linkedFrom":"umls.2022aa"},"text":"normal of limits"},{"attributes":{"linkedFrom":"umls.2022aa"},"text":"normal of the limits"},{"attributes":{"linkedFrom":"umls.2022aa"},"text":"limits of normal"},{"attributes":{"linkedFrom":"umls.2022aa"},"text":"limits of the normal"},{"attributes":{"linkedFrom":"umls.2022aa"},"text":"normal of limit"},{"attributes":{"linkedFrom":"umls.2022aa"},"text":"normal of the limit"},{"attributes":{"linkedFrom":"umls.2022aa"},"text":"limit of normal"},{"attributes":{"linkedFrom":"umls.2022aa"},"text":"limit of the normal"},{"attributes":{"linkedFrom":"umls.2022aa"},"text":"limits normals"},{"attributes":{"linkedFrom":"umls.2022aa"},"text":"limit normals"},{"attributes":{"linkedFrom":"umls.2022aa"},"text":"lim. normals"},{"attributes":{"linkedFrom":"umls.2022aa"},"text":"lim.. normals"},{"attributes":{"linkedFrom":"umls.2022aa"},"text":"normals of limits"},{"attributes":{"linkedFrom":"umls.2022aa"},"text":"normals of the limits"},{"attributes":{"linkedFrom":"umls.2022aa"},"text":"normals of limit"},{"attributes":{"linkedFrom":"umls.2022aa"},"text":"normals of the limit"}],"artifactVersion":"2022-04-13T21:37:21Z","disabled":false,"linkedConcept":true,"dictionary":"clinical_abbreviations_-_umls_extension_dictionary"},{"id":"C0011906","cui":"C0011906","preferredName":"Differential Diagnosis","attributes":[{"loincId":"LP321696-9,MTHU062372","meshId":"M0006172","semanticType":"diap","snomedConceptId":"47965005","type":"umls.DiagnosticProcedure"}],"surfaceForms":[{"text":"ddx"}],"artifactVersion":"2022-04-13T21:37:21Z","disabled":false,"dictionary":"clinical_abbreviations_-_umls_extension_dictionary"},{"id":"C0149887","cui":"C0149887","preferredName":"Slipped Capital Femoral Epiphyses","attributes":[{"meshId":"M0552679","nciCode":"C118384","semanticType":"dsyn","type":"umls.DiseaseOrSyndrome"}],"surfaceForms":[{"text":"SCFE"}],"artifactVersion":"2023-03-14T15:28:15.407062Z","disabled":false,"dictionary":"clinical_abbreviations_-_umls_extension_dictionary"},{"id":"C0443286","cui":"C0443286","preferredName":"Reaction","attributes":[{"nciCode":"C25637","semanticType":"ftcn","snomedConceptId":"263851003","type":"umls.FunctionalConcept"}],"surfaceForms":[{"text":"rxn"}],"artifactVersion":"2022-04-13T21:37:21Z","disabled":false,"dictionary":"clinical_abbreviations_-_umls_extension_dictionary"},{"id":"CAU-00001","cui":"CAU-00001","preferredName":"Html Ampersand","attributes":[{"semanticType":"idcn","type":"umls.IdeaOrConcept"}],"surfaceForms":[{"text":"& amp ;"}],"artifactVersion":"2022-07-22T19:13:15Z","disabled":false,"dictionary":"clinical_abbreviations_-_umls_extension_dictionary"},{"id":"C1546528","cui":"C1546528","preferredName":"Leave of absence (e.g. Family leave, sabbatical, etc.)","attributes":[{"semanticType":"idcn","type":"umls.IdeaOrConcept"}],"surfaceForms":[{"text":"leave of absence"},{"text":"loa"},{"text":"l.o.a."}],"artifactVersion":"2022-04-13T21:37:21Z","disabled":true,"dictionary":"clinical_abbreviations_-_umls_extension_dictionary"},{"id":"C0011900","cui":"C0011900","preferredName":"Diagnosis","attributes":[{"loincId":"MTHU008876","meshId":"M0006168","nciCode":"C15220","semanticType":"diap","snomedConceptId":"439401001","type":"umls.DiagnosticProcedure"}],"surfaceForms":[{"text":"dx"},{"text":"d/x"}],"artifactVersion":"2022-04-13T21:37:21Z","disabled":false,"dictionary":"clinical_abbreviations_-_umls_extension_dictionary"},{"id":"C1642390","cui":"C1642390","preferredName":"Pupil equal round and reacting to light","attributes":[{"linked":"true","loincId":"LA18256-0","nciCode":"C87107","semanticType":"fndg","snomedConceptId":"418970005","type":"umls.Finding"}],"surfaceForms":[{"text":"PERLA"},{"attributes":{"linkedFrom":"umls.2022aa"},"text":"PERRL - pupil equal round and responds to light"},{"attributes":{"linkedFrom":"umls.2022aa"},"text":"PERRL"},{"attributes":{"linkedFrom":"umls.2022aa"},"text":"PERRL - pupil equals round and responds to light"},{"attributes":{"linkedFrom":"umls.2022aa"},"text":"pupil equal round and reacting to light"},{"attributes":{"linkedFrom":"umls.2022aa"},"text":"pupils equal round and reactive to light result"},{"attributes":{"linkedFrom":"umls.2022aa"},"text":"pupils equal round and reactive to light"},{"attributes":{"linkedFrom":"umls.2022aa"},"text":"pupils equal, round and reactive to light"},{"attributes":{"linkedFrom":"umls.2022aa"},"text":"pupil equals round and reacting to light"},{"attributes":{"linkedFrom":"umls.2022aa"},"text":"pupils equals round and reactive to light result"},{"attributes":{"linkedFrom":"umls.2022aa"},"text":"pupils equals round and reactive to light"}],"artifactVersion":"2022-04-13T21:37:21Z","disabled":false,"linkedConcept":true,"dictionary":"clinical_abbreviations_-_umls_extension_dictionary"},{"id":"C0442658","cui":"C0442658","preferredName":"Street (environment)","attributes":[{"loincId":"LA28897-9","nciCode":"C80230","semanticType":"geoa","snomedConceptId":"257710009","type":"umls.GeographicArea"}],"surfaceForms":[{"text":"st"}],"artifactVersion":"2022-04-13T21:37:21Z","disabled":true,"dictionary":"clinical_abbreviations_-_umls_extension_dictionary"},{"id":"C0242429","cui":"C0242429","preferredName":"Sore Throat","attributes":[{"icd10Code":"R07.0,J31.2,J02.9","loincId":"LA30867-8","meshId":"M0016484","nciCode":"C50747","semanticType":"sosy","snomedConceptId":"162397003,267102003","type":"umls.SignOrSymptom"}],"surfaceForms":[{"text":"st"}],"artifactVersion":"2022-04-13T21:37:21Z","disabled":true,"dictionary":"clinical_abbreviations_-_umls_extension_dictionary"},{"id":"C0278329","cui":"C0278329","preferredName":"Prescribed","attributes":[{"semanticType":"hlca","type":"umls.HealthCareActivity"}],"surfaceForms":[{"text":"rx"},{"text":"r/x"},{"text":"rx'ed"},{"text":"rx'd"},{"text":"r/x'ed"},{"text":"r/xed"}],"artifactVersion":"2022-04-13T21:37:21Z","disabled":false,"dictionary":"clinical_abbreviations_-_umls_extension_dictionary"},{"id":"C1457887","cui":"C1457887","preferredName":"Symptoms","attributes":[{"loincId":"LP100630-5,LP185406-8,MTHU021540,MTHU048142","nciCode":"C4876","semanticType":"sosy","type":"umls.SignOrSymptom"}],"surfaceForms":[{"text":"sx"},{"text":"sxs"},{"text":"sx's"},{"text":"s/x"},{"text":"s/x's"}],"artifactVersion":"2022-04-13T21:37:21Z","disabled":false,"dictionary":"clinical_abbreviations_-_umls_extension_dictionary"},{"id":"C1522577","cui":"C1522577","preferredName":"follow-up","attributes":[{"nciCode":"C16033","semanticType":"hlca","type":"umls.HealthCareActivity"}],"surfaceForms":[{"text":"f/u"},{"text":"f.u."},{"text":"fu"},{"text":"follow-up"},{"text":"follow-ups"}],"artifactVersion":"2022-04-13T21:37:21Z","disabled":false,"dictionary":"clinical_abbreviations_-_umls_extension_dictionary"},{"id":"C0241889","cui":"C0241889","preferredName":"Family history (finding)","attributes":[{"icd9Code":"V19.8","loincId":"LA26428-5","meshId":"M000616164","nciCode":"C17726","semanticType":"fndg","snomedConceptId":"416471007,57177007","type":"umls.Finding"}],"surfaceForms":[{"text":"fhx"},{"text":"f/hx"}],"artifactVersion":"2022-04-13T21:37:21Z","disabled":false,"dictionary":"clinical_abbreviations_-_umls_extension_dictionary"},{"id":"C1879745","cui":"C1879745","preferredName":"PRN (schedule frequency)","attributes":[{"nciCode":"C64499","semanticType":"qlco","type":"umls.QualitativeConcept"}],"surfaceForms":[{"text":"prn"},{"text":"p.r.n."},{"text":"as needed"},{"text":"as necessary"}],"artifactVersion":"2022-04-13T21:37:21Z","disabled":false,"dictionary":"clinical_abbreviations_-_umls_extension_dictionary"},{"id":"C1512338","cui":"C1512338","preferredName":"HEENT","attributes":[{"linked":"true","loincId":"LA16970-8,LP66707-8","nciCode":"C42300","semanticType":"blor","type":"umls.BodyLocationOrRegion"}],"surfaceForms":[{"text":"heent"},{"attributes":{"linkedFrom":"umls.2022aa"},"text":"HEENT"},{"attributes":{"linkedFrom":"umls.2022aa"},"text":"head, ears, eyes, nose and throat"},{"attributes":{"linkedFrom":"umls.2022aa"},"text":"head & ears & eyes & nose & throat"},{"attributes":{"linkedFrom":"umls.2022aa"},"text":"head and ears and eyes and nose and throat"},{"attributes":{"linkedFrom":"umls.2022aa"},"text":"head & ears & eyes & nose & throats"}],"artifactVersion":"2022-04-13T21:37:21Z","disabled":false,"linkedConcept":true,"dictionary":"clinical_abbreviations_-_umls_extension_dictionary"},{"id":"C0002598","cui":"C0002598","preferredName":"amiodarone","attributes":[{"loincId":"LP16028-0,MTHU004841","meshId":"M0000973","nciCode":"C62002","rxNormId":"703","semanticType":"phsu","snomedConceptId":"372821002,69236009","type":"umls.PharmacologicSubstance"}],"surfaceForms":[{"text":"amiodar"}],"artifactVersion":"2022-04-13T21:37:22Z","disabled":false,"dictionary":"clinical_abbreviations_-_umls_extension_dictionary"},{"id":"C0012826","cui":"C0012826","preferredName":"Lysis of adhesions","attributes":[{"semanticType":"topp","snomedConceptId":"39270003","type":"umls.TherapeuticOrPreventiveProcedure"}],"surfaceForms":[{"text":"loa"}],"artifactVersion":"2022-04-13T21:37:22Z","disabled":true,"dictionary":"clinical_abbreviations_-_umls_extension_dictionary"},{"id":"C0199176","cui":"C0199176","preferredName":"Prophylactic treatment","attributes":[{"nciCode":"C15843","semanticType":"topp","snomedConceptId":"360271000,169443000","type":"umls.TherapeuticOrPreventiveProcedure"}],"surfaceForms":[{"text":"ppx"}],"artifactVersion":"2022-04-13T21:37:22Z","disabled":false,"dictionary":"clinical_abbreviations_-_umls_extension_dictionary"},{"id":"C1971624","cui":"C1971624","preferredName":"Loss of appetite (finding)","attributes":[{"icd10Code":"R63.0","loincId":"MTHU013520,LA30523-7","semanticType":"fndg","snomedConceptId":"79890006","type":"umls.Finding"}],"surfaceForms":[{"text":"loa"},{"text":"l.o.a."}],"artifactVersion":"2022-04-13T21:37:22Z","disabled":true,"linkedConcept":true,"dictionary":"clinical_abbreviations_-_umls_extension_dictionary"},{"id":"C3714536","cui":"C3714536","preferredName":"Social History","attributes":[{"loincId":"MTHU014081","nciCode":"C81292","semanticType":"fndg","type":"umls.Finding"}],"surfaceForms":[{"text":"shx"},{"text":"s/hx"},{"text":"phshx"}],"artifactVersion":"2022-04-13T21:37:22Z","disabled":false,"dictionary":"clinical_abbreviations_-_umls_extension_dictionary"},{"id":"C0017319","cui":"C0017319","preferredName":"General Practitioners","attributes":[{"linked":"true","meshId":"M0016801","semanticType":"prog","snomedConceptId":"62247001,59058001","type":"umls.ProfessionalOrOccupationalGroup"}],"surfaceForms":[{"text":"GP"},{"attributes":{"linkedFrom":"umls.2022aa"},"text":"general practitioners"},{"attributes":{"linkedFrom":"umls.2022aa"},"text":"general practitioner"},{"attributes":{"linkedFrom":"umls.2022aa"},"text":"generalist"},{"attributes":{"linkedFrom":"umls.2022aa"},"text":"general practice physician"},{"attributes":{"linkedFrom":"umls.2022aa"},"text":"general physician"},{"attributes":{"linkedFrom":"umls.2022aa"},"text":"general practitioner (GP)"},{"attributes":{"linkedFrom":"umls.2022aa"},"text":"general practise physician"},{"attributes":{"linkedFrom":"umls.2022aa"},"text":"practitioners of general"},{"attributes":{"linkedFrom":"umls.2022aa"},"text":"practitioners of the general"},{"attributes":{"linkedFrom":"umls.2022aa"},"text":"practitioner of general"},{"attributes":{"linkedFrom":"umls.2022aa"},"text":"practitioner of the general"},{"attributes":{"linkedFrom":"umls.2022aa"},"text":"physician of general"},{"attributes":{"linkedFrom":"umls.2022aa"},"text":"physician of the general"},{"attributes":{"linkedFrom":"umls.2022aa"},"text":"generalists"},{"attributes":{"linkedFrom":"umls.2022aa"},"text":"general practice physicians"},{"attributes":{"linkedFrom":"umls.2022aa"},"text":"general physicians"},{"attributes":{"linkedFrom":"umls.2022aa"},"text":"general practise physicians"},{"attributes":{"linkedFrom":"umls.2022aa"},"text":"physicians of general"},{"attributes":{"linkedFrom":"umls.2022aa"},"text":"physicians of the general"},{"attributes":{"linkedFrom":"umls.2022aa"},"text":"practitioner, general"},{"attributes":{"linkedFrom":"umls.2022aa"},"text":"practitioners, general"},{"attributes":{"linkedFrom":"umls.2022aa"},"text":"physicians, general practice"},{"attributes":{"linkedFrom":"umls.2022aa"},"text":"physicians (general practice)"},{"attributes":{"linkedFrom":"umls.2022aa"},"text":"physician, general practice"},{"attributes":{"linkedFrom":"umls.2022aa"},"text":"practice physicians, general"},{"attributes":{"linkedFrom":"umls.2022aa"},"text":"GP - general practitioner"},{"attributes":{"linkedFrom":"umls.2022aa"},"text":"physicians, general practise"},{"attributes":{"linkedFrom":"umls.2022aa"},"text":"physicians (general practise)"},{"attributes":{"linkedFrom":"umls.2022aa"},"text":"physician, general practise"},{"attributes":{"linkedFrom":"umls.2022aa"},"text":"practise physicians, general"},{"attributes":{"linkedFrom":"umls.2022aa"},"text":"practitioner, generals"},{"attributes":{"linkedFrom":"umls.2022aa"},"text":"practitioners, generals"},{"attributes":{"linkedFrom":"umls.2022aa"},"text":"physicians, general practices"},{"attributes":{"linkedFrom":"umls.2022aa"},"text":"physician, general practices"},{"attributes":{"linkedFrom":"umls.2022aa"},"text":"practice physicians, generals"},{"attributes":{"linkedFrom":"umls.2022aa"},"text":"GP - general practitioners"},{"attributes":{"linkedFrom":"umls.2022aa"},"text":"practise physicians, generals"}],"artifactVersion":"2022-04-13T21:37:22Z","disabled":false,"linkedConcept":true,"dictionary":"clinical_abbreviations_-_umls_extension_dictionary"},{"id":"P0001002","cui":"P0001002","preferredName":"Treated","attributes":[{"semanticType":"topp","type":"umls.TherapeuticOrPreventiveProcedure"}],"surfaceForms":[{"text":"tx"},{"text":"txd"},{"text":"tx'd"},{"text":"tx/d"},{"text":"t/xd"}],"artifactVersion":"2022-04-13T21:37:22Z","disabled":false,"dictionary":"clinical_abbreviations_-_umls_extension_dictionary"},{"id":"C0428977","cui":"C0428977","preferredName":"Bradycardia","attributes":[{"icd10Code":"O99.419,P29.12,P20.9,R00.1","icd9Code":"427.89","linked":"true","loincId":"LA17394-0","meshId":"M0002863","nciCode":"C37920","semanticType":"fndg","snomedConceptId":"48867003","type":"umls.Finding"}],"surfaceForms":[{"text":"brady"},{"attributes":{"linkedFrom":"umls.2022aa"},"text":"bradycardia"},{"attributes":{"linkedFrom":"umls.2022aa"},"text":"bradycardias"},{"attributes":{"linkedFrom":"umls.2022aa"},"text":"CARDIAC ARRHYTHMIA, BRADYCARDIA"},{"attributes":{"linkedFrom":"umls.2022aa"},"text":"slow pulse"},{"attributes":{"linkedFrom":"umls.2022aa"},"text":"pulse slowed"},{"attributes":{"linkedFrom":"umls.2022aa"},"text":"pulse slowing"},{"attributes":{"linkedFrom":"umls.2022aa"},"text":"pulse slow"},{"attributes":{"linkedFrom":"umls.2022aa"},"text":"slow heart beat"},{"attributes":{"linkedFrom":"umls.2022aa"},"text":"PULSE RATE DECREASE"},{"attributes":{"linkedFrom":"umls.2022aa"},"text":"decreased heart rate"},{"attributes":{"linkedFrom":"umls.2022aa"},"text":"decreasing heart rate"},{"attributes":{"linkedFrom":"umls.2022aa"},"text":"slow heart rate"},{"attributes":{"linkedFrom":"umls.2022aa"},"text":"heart rate slow"},{"attributes":{"linkedFrom":"umls.2022aa"},"text":"heart rate slowing"},{"attributes":{"linkedFrom":"umls.2022aa"},"text":"low heart rate"},{"attributes":{"linkedFrom":"umls.2022aa"},"text":"low pulse rate"},{"attributes":{"linkedFrom":"umls.2022aa"},"text":"low pulse rates"},{"attributes":{"linkedFrom":"umls.2022aa"},"text":"pulse rate low"},{"attributes":{"linkedFrom":"umls.2022aa"},"text":"slow heartbeat"},{"attributes":{"linkedFrom":"umls.2022aa"},"text":"brady cardia"},{"attributes":{"linkedFrom":"umls.2022aa"},"text":"brady-cardia"},{"attributes":{"linkedFrom":"umls.2022aa"},"text":"brady arrhythmia"},{"attributes":{"linkedFrom":"umls.2022aa"},"text":"brady-arrhythmia"},{"attributes":{"linkedFrom":"umls.2022aa"},"text":"CARDIAC ARRHYTHMIA, brady cardia"},{"attributes":{"linkedFrom":"umls.2022aa"},"text":"CARDIAC ARRHYTHMIA, brady-cardia"},{"attributes":{"linkedFrom":"umls.2022aa"},"text":"slow heart-beat"},{"attributes":{"linkedFrom":"umls.2022aa"},"text":"slow pulses"},{"attributes":{"linkedFrom":"umls.2022aa"},"text":"pulse slower"},{"attributes":{"linkedFrom":"umls.2022aa"},"text":"pulse slowest"},{"attributes":{"linkedFrom":"umls.2022aa"},"text":"slow heart beats"},{"attributes":{"linkedFrom":"umls.2022aa"},"text":"decreased heart rates"},{"attributes":{"linkedFrom":"umls.2022aa"},"text":"decreasing heart rates"},{"attributes":{"linkedFrom":"umls.2022aa"},"text":"slow heart rates"},{"attributes":{"linkedFrom":"umls.2022aa"},"text":"heart rate slower"},{"attributes":{"linkedFrom":"umls.2022aa"},"text":"heart rate slowest"},{"attributes":{"linkedFrom":"umls.2022aa"},"text":"low heart rates"},{"attributes":{"linkedFrom":"umls.2022aa"},"text":"pulse rate lows"},{"attributes":{"linkedFrom":"umls.2022aa"},"text":"slow heartbeats"},{"attributes":{"linkedFrom":"umls.2022aa"},"text":"slow heart-beats"},{"attributes":{"linkedFrom":"umls.2022aa"},"text":"bradyarrhythmia"},{"attributes":{"linkedFrom":"umls.2022aa"},"text":"bradyarrhythmias"},{"attributes":{"linkedFrom":"umls.2022aa"},"text":"brachycardia"}],"artifactVersion":"2022-04-13T21:37:22Z","disabled":false,"linkedConcept":true,"dictionary":"clinical_abbreviations_-_umls_extension_dictionary"},{"id":"C0332290","cui":"C0332290","preferredName":"Consistent with","attributes":[{"linked":"true","nciCode":"C85901","semanticType":"idcn","snomedConceptId":"385433004","type":"umls.IdeaOrConcept"}],"surfaceForms":[{"text":"c/w"},{"attributes":{"linkedFrom":"umls.2022aa"},"text":"consistent"},{"attributes":{"linkedFrom":"umls.2022aa"},"text":"compatible with"},{"attributes":{"linkedFrom":"umls.2022aa"},"text":"compatible"},{"attributes":{"linkedFrom":"umls.2022aa"},"text":"cws"},{"attributes":{"linkedFrom":"umls.2022aa"},"text":"consistent with"}],"artifactVersion":"2022-04-13T21:37:22Z","disabled":false,"linkedConcept":true,"dictionary":"clinical_abbreviations_-_umls_extension_dictionary"},{"id":"C0238705","cui":"C0238705","preferredName":"Left atrial hypertrophy","attributes":[{"icd10Code":"I51.7","semanticType":"fndg","snomedConceptId":"446813000,67741000119109","type":"umls.Finding"}],"surfaceForms":[{"text":"lae"}],"artifactVersion":"2022-04-13T21:37:22Z","disabled":false,"dictionary":"clinical_abbreviations_-_umls_extension_dictionary"},{"id":"C0231290","cui":"C0231290","preferredName":"Status post","attributes":[{"linked":"true","semanticType":"tmco","snomedConceptId":"237679004,255234002","type":"umls.TemporalConcept"}],"surfaceForms":[{"text":"s/p"},{"text":"s.p."},{"attributes":{"linkedFrom":"umls.2022aa"},"text":"status post"},{"attributes":{"linkedFrom":"umls.2022aa"},"text":"after"},{"attributes":{"linkedFrom":"umls.2022aa"},"text":"post of status"},{"attributes":{"linkedFrom":"umls.2022aa"},"text":"post of the status"},{"attributes":{"linkedFrom":"umls.2022aa"},"text":"status posts"},{"attributes":{"linkedFrom":"umls.2022aa"},"text":"posts of status"},{"attributes":{"linkedFrom":"umls.2022aa"},"text":"posts of the status"},{"attributes":{"linkedFrom":"umls.2022aa"},"text":"following"},{"attributes":{"linkedFrom":"umls.2022aa"},"text":"condition following"},{"attributes":{"linkedFrom":"umls.2022aa"},"text":"status post (contextual qualifier)"},{"attributes":{"linkedFrom":"umls.2022aa"},"text":"following of condition"},{"attributes":{"linkedFrom":"umls.2022aa"},"text":"following of the condition"},{"attributes":{"linkedFrom":"umls.2022aa"},"text":"conditions following"}],"artifactVersion":"2022-04-13T21:37:22Z","disabled":false,"linkedConcept":true,"dictionary":"clinical_abbreviations_-_umls_extension_dictionary"},{"id":"C1527415","cui":"C1527415","preferredName":"Oral Route of Drug administration","attributes":[{"loincId":"LA16023-6","nciCode":"C38288","semanticType":"ftcn","snomedConceptId":"26643006","type":"umls.FunctionalConcept"}],"surfaceForms":[{"text":"p.o."}],"artifactVersion":"2022-04-13T21:37:22Z","disabled":false,"dictionary":"clinical_abbreviations_-_umls_extension_dictionary"},{"id":"C0227680","cui":"C0227680","preferredName":"Structure of ureteropelvic junction","attributes":[{"nciCode":"C106203","semanticType":"bsoj","snomedConceptId":"32004001","type":"umls.BodySpaceOrJunction"}],"surfaceForms":[{"text":"UPJ"}],"artifactVersion":"2023-03-14T15:47:10.844469Z","disabled":false,"dictionary":"clinical_abbreviations_-_umls_extension_dictionary"},{"id":"C0039231","cui":"C0039231","preferredName":"Tachycardia","attributes":[{"icd10Code":"P29.89,P20.9,P29.11,O36.8390,R00.0","linked":"true","loincId":"LA15895-8,LA17714-9","meshId":"M0020996","nciCode":"C38029","semanticType":"fndg","snomedConceptId":"3424008,86651002","type":"umls.Finding"}],"surfaceForms":[{"text":"tachy"},{"attributes":{"linkedFrom":"umls.2022aa"},"text":"tachycardia"},{"attributes":{"linkedFrom":"umls.2022aa"},"text":"CARDIAC ARRHYTHMIA, TACHYCARDIA"},{"attributes":{"linkedFrom":"umls.2022aa"},"text":"rapid heart beat"},{"attributes":{"linkedFrom":"umls.2022aa"},"text":"HEART RATE INCREASED"},{"attributes":{"linkedFrom":"umls.2022aa"},"text":"increased heart rate"},{"attributes":{"linkedFrom":"umls.2022aa"},"text":"rapid heart rate"},{"attributes":{"linkedFrom":"umls.2022aa"},"text":"increased pulse rate"},{"attributes":{"linkedFrom":"umls.2022aa"},"text":"PULSE RATE INCREASED"},{"attributes":{"linkedFrom":"umls.2022aa"},"text":"rapid pulse"},{"attributes":{"linkedFrom":"umls.2022aa"},"text":"fast heart rate"},{"attributes":{"linkedFrom":"umls.2022aa"},"text":"fast pulse"},{"attributes":{"linkedFrom":"umls.2022aa"},"text":"HEARTBEATS INCREASED"},{"attributes":{"linkedFrom":"umls.2022aa"},"text":"high pulse rate"},{"attributes":{"linkedFrom":"umls.2022aa"},"text":"rapid heartbeat"},{"attributes":{"linkedFrom":"umls.2022aa"},"text":"CARDIAC ARRHYTHMIA, tachy"},{"attributes":{"linkedFrom":"umls.2022aa"},"text":"tachy - pulse"},{"attributes":{"linkedFrom":"umls.2022aa"},"text":"rapid heart-beat"},{"attributes":{"linkedFrom":"umls.2022aa"},"text":"pulse of fast"},{"attributes":{"linkedFrom":"umls.2022aa"},"text":"pulse of the fast"},{"attributes":{"linkedFrom":"umls.2022aa"},"text":"rapid heart beats"},{"attributes":{"linkedFrom":"umls.2022aa"},"text":"increased heart rates"},{"attributes":{"linkedFrom":"umls.2022aa"},"text":"rapid heart rates"},{"attributes":{"linkedFrom":"umls.2022aa"},"text":"increased pulse rates"},{"attributes":{"linkedFrom":"umls.2022aa"},"text":"rapid pulses"},{"attributes":{"linkedFrom":"umls.2022aa"},"text":"fast heart rates"},{"attributes":{"linkedFrom":"umls.2022aa"},"text":"fast pulses"},{"attributes":{"linkedFrom":"umls.2022aa"},"text":"high pulse rates"},{"attributes":{"linkedFrom":"umls.2022aa"},"text":"rapid heartbeats"},{"attributes":{"linkedFrom":"umls.2022aa"},"text":"tachy - pulses"},{"attributes":{"linkedFrom":"umls.2022aa"},"text":"rapid heart-beats"},{"attributes":{"linkedFrom":"umls.2022aa"},"text":"pulses of fast"},{"attributes":{"linkedFrom":"umls.2022aa"},"text":"pulses of the fast"},{"attributes":{"linkedFrom":"umls.2022aa"},"text":"tachycardias"},{"attributes":{"linkedFrom":"umls.2022aa"},"text":"heart rate fast"},{"attributes":{"linkedFrom":"umls.2022aa"},"text":"pulse fast"},{"attributes":{"linkedFrom":"umls.2022aa"},"text":"tachycardia - pulse"},{"attributes":{"linkedFrom":"umls.2022aa"},"text":"heart racing"},{"attributes":{"linkedFrom":"umls.2022aa"},"text":"racing heart"},{"attributes":{"linkedFrom":"umls.2022aa"},"text":"heart race"},{"attributes":{"linkedFrom":"umls.2022aa"},"text":"fast of pulse"},{"attributes":{"linkedFrom":"umls.2022aa"},"text":"fast of the pulse"},{"attributes":{"linkedFrom":"umls.2022aa"},"text":"racing of heart"},{"attributes":{"linkedFrom":"umls.2022aa"},"text":"racing of the heart"},{"attributes":{"linkedFrom":"umls.2022aa"},"text":"heart of racing"},{"attributes":{"linkedFrom":"umls.2022aa"},"text":"heart of the racing"},{"attributes":{"linkedFrom":"umls.2022aa"},"text":"race of heart"},{"attributes":{"linkedFrom":"umls.2022aa"},"text":"race of the heart"},{"attributes":{"linkedFrom":"umls.2022aa"},"text":"heart rate fasts"},{"attributes":{"linkedFrom":"umls.2022aa"},"text":"pulse fasts"},{"attributes":{"linkedFrom":"umls.2022aa"},"text":"tachycardia - pulses"},{"attributes":{"linkedFrom":"umls.2022aa"},"text":"racing hearts"},{"attributes":{"linkedFrom":"umls.2022aa"},"text":"heart races"},{"attributes":{"linkedFrom":"umls.2022aa"},"text":"fasts of pulse"},{"attributes":{"linkedFrom":"umls.2022aa"},"text":"fasts of the pulse"},{"attributes":{"linkedFrom":"umls.2022aa"},"text":"hearts of racing"},{"attributes":{"linkedFrom":"umls.2022aa"},"text":"hearts of the racing"},{"attributes":{"linkedFrom":"umls.2022aa"},"text":"races of heart"},{"attributes":{"linkedFrom":"umls.2022aa"},"text":"races of the heart"}],"artifactVersion":"2022-04-13T21:37:22Z","disabled":false,"linkedConcept":true,"dictionary":"clinical_abbreviations_-_umls_extension_dictionary"},{"id":"C0332196","cui":"C0332196","preferredName":"Exclude","attributes":[{"semanticType":"ftcn","snomedConceptId":"77765009","type":"umls.FunctionalConcept"}],"surfaceForms":[{"text":"r/o"},{"text":"r/o'd"},{"text":"exclude"},{"text":"excludes"},{"text":"excluded"},{"text":"rule out"},{"text":"ruled out"},{"text":"ruling out"},{"text":"rules out"}],"artifactVersion":"2022-04-13T21:37:22Z","disabled":false,"dictionary":"clinical_abbreviations_-_umls_extension_dictionary"},{"id":"C0085678","cui":"C0085678","preferredName":"Nasogastric tube","attributes":[{"linked":"true","loincId":"LP7439-5,MTHU001087","nciCode":"C93310","semanticType":"medd","snomedConceptId":"17102003","type":"umls.MedicalDevice"}],"surfaceForms":[{"text":"NGT"},{"attributes":{"linkedFrom":"umls.2022aa"},"text":"TUBE, NASOGASTRIC"},{"attributes":{"linkedFrom":"umls.2022aa"},"text":"nasogastric tube"},{"attributes":{"linkedFrom":"umls.2022aa"},"text":"nasogastric tubes"},{"attributes":{"linkedFrom":"umls.2022aa"},"text":"gastric feeding tube"},{"attributes":{"linkedFrom":"umls.2022aa"},"text":"NG tube"},{"attributes":{"linkedFrom":"umls.2022aa"},"text":"nasogastric tubing"},{"attributes":{"linkedFrom":"umls.2022aa"},"text":"naso-gastric tube"},{"attributes":{"linkedFrom":"umls.2022aa"},"text":"TUBE, naso-gastric"},{"attributes":{"linkedFrom":"umls.2022aa"},"text":"naso-gastric tubes"},{"attributes":{"linkedFrom":"umls.2022aa"},"text":"NG - naso-gastric tube"},{"attributes":{"linkedFrom":"umls.2022aa"},"text":"NGT - naso-gastric tube"},{"attributes":{"linkedFrom":"umls.2022aa"},"text":"naso-gastric tube, device"},{"attributes":{"linkedFrom":"umls.2022aa"},"text":"naso-gastric tubing"},{"attributes":{"linkedFrom":"umls.2022aa"},"text":"gastric feeding tubes"},{"attributes":{"linkedFrom":"umls.2022aa"},"text":"NG tubes"},{"attributes":{"linkedFrom":"umls.2022aa"},"text":"NG - naso-gastric tubes"},{"attributes":{"linkedFrom":"umls.2022aa"},"text":"NGT - naso-gastric tubes"},{"attributes":{"linkedFrom":"umls.2022aa"},"text":"naso-gastric tube, devices"},{"attributes":{"linkedFrom":"umls.2022aa"},"text":"NG - nasogastric tube"},{"attributes":{"linkedFrom":"umls.2022aa"},"text":"NGT - nasogastric tube"},{"attributes":{"linkedFrom":"umls.2022aa"},"text":"nasogastric tube, device"},{"attributes":{"linkedFrom":"umls.2022aa"},"text":"NG - nasogastric tubes"},{"attributes":{"linkedFrom":"umls.2022aa"},"text":"NGT - nasogastric tubes"},{"attributes":{"linkedFrom":"umls.2022aa"},"text":"nasogastric tube, devices"}],"artifactVersion":"2022-04-13T21:37:22Z","disabled":false,"linkedConcept":true,"dictionary":"clinical_abbreviations_-_umls_extension_dictionary"},{"id":"C0678226","cui":"C0678226","preferredName":"Due to","attributes":[{"nciCode":"C89272","semanticType":"ftcn","snomedConceptId":"42752001","type":"umls.FunctionalConcept"}],"surfaceForms":[{"text":"d/t"},{"text":"due to"}],"artifactVersion":"2022-04-13T21:37:22Z","disabled":false,"dictionary":"clinical_abbreviations_-_umls_extension_dictionary"},{"id":"C1444662","cui":"C1444662","preferredName":"Discontinued","attributes":[{"loincId":"LA9508-8","nciCode":"C25484","semanticType":"fndg","snomedConceptId":"410546004","type":"umls.Finding"}],"surfaceForms":[{"text":"dc'd"},{"text":"dcd"},{"text":"d/c'd"},{"text":"d/cd"},{"text":"dc/d"},{"text":"d/ced"},{"text":"d/cing"},{"text":"d'ced"},{"text":"d'cing"},{"text":"d/c-ed"},{"text":"d/c-ing"},{"text":"dicontinued"},{"text":"d/c'ed"},{"text":"d/c'ing"},{"text":"d'c'ed"},{"text":"d'c'ing"},{"text":"d'c/ed"},{"text":"d'c/ing"},{"text":"d/c"},{"text":"d'c"}],"artifactVersion":"2022-04-13T21:37:22Z","disabled":false,"dictionary":"clinical_abbreviations_-_umls_extension_dictionary"},{"id":"C0012634","cui":"C0012634","preferredName":"Disease","attributes":[{"icd9Code":"799.9","loincId":"LP21006-9,LA18199-2","meshId":"M0006564","nciCode":"C2991","semanticType":"dsyn","snomedConceptId":"64572001","type":"umls.DiseaseOrSyndrome"}],"surfaceForms":[{"text":"dz"}],"artifactVersion":"2022-04-13T21:37:22Z","disabled":false,"dictionary":"clinical_abbreviations_-_umls_extension_dictionary"},{"id":"C0262581","cui":"C0262581","preferredName":"No known drug allergy","attributes":[{"linked":"true","semanticType":"fndg","snomedConceptId":"409137002","type":"umls.Finding"}],"surfaceForms":[{"text":"nkda"},{"attributes":{"linkedFrom":"umls.2022aa"},"text":"no known drug allergy"},{"attributes":{"linkedFrom":"umls.2022aa"},"text":"NKDA - no known drug allergy"},{"attributes":{"linkedFrom":"umls.2022aa"},"text":"no known history of drug allergy"},{"attributes":{"linkedFrom":"umls.2022aa"},"text":"no known medicine allergy"},{"attributes":{"linkedFrom":"umls.2022aa"},"text":"no known hist of drug allergy"},{"attributes":{"linkedFrom":"umls.2022aa"},"text":"no known drug allergies"},{"attributes":{"linkedFrom":"umls.2022aa"},"text":"NKDA - no known drug allergies"},{"attributes":{"linkedFrom":"umls.2022aa"},"text":"no known histories of drug allergy"},{"attributes":{"linkedFrom":"umls.2022aa"},"text":"no known medicine allergies"}],"artifactVersion":"2022-04-13T21:37:22Z","disabled":false,"linkedConcept":true,"dictionary":"clinical_abbreviations_-_umls_extension_dictionary"},{"id":"C0563454","cui":"C0563454","preferredName":"Taking of swab","attributes":[{"semanticType":"diap","snomedConceptId":"285570007","type":"umls.DiagnosticProcedure"}],"surfaceForms":[{"text":"SASH"},{"text":"swab and send home"}],"artifactVersion":"2022-04-13T21:37:22Z","disabled":true,"linkedConcept":true,"dictionary":"clinical_abbreviations_-_umls_extension_dictionary"},{"id":"C0042014","cui":"C0042014","preferredName":"Urinalysis","attributes":[{"loincId":"MTHU000144,MTHU008386,LP32744-2","meshId":"M0025166","nciCode":"C17241","semanticType":"lbpr","snomedConceptId":"27171005,167217005","type":"umls.LaboratoryProcedure"}],"surfaceForms":[{"text":"u/a"},{"text":"ua"}],"artifactVersion":"2022-04-13T21:37:22Z","disabled":false,"dictionary":"clinical_abbreviations_-_umls_extension_dictionary"},{"id":"C1704221","cui":"C1704221","preferredName":"Physicians, Family","attributes":[{"linked":"true","meshId":"M0016802","semanticType":"prog","snomedConceptId":"62247001","type":"umls.ProfessionalOrOccupationalGroup"}],"surfaceForms":[{"text":"FP"},{"attributes":{"linkedFrom":"umls.2022aa"},"text":"family physicians"},{"attributes":{"linkedFrom":"umls.2022aa"},"text":"family physician"},{"attributes":{"linkedFrom":"umls.2022aa"},"text":"physicians of family"},{"attributes":{"linkedFrom":"umls.2022aa"},"text":"physicians of the family"},{"attributes":{"linkedFrom":"umls.2022aa"},"text":"physician of family"},{"attributes":{"linkedFrom":"umls.2022aa"},"text":"physician of the family"},{"attributes":{"linkedFrom":"umls.2022aa"},"text":"physicians, family"},{"attributes":{"linkedFrom":"umls.2022aa"},"text":"physician, family"},{"attributes":{"linkedFrom":"umls.2022aa"},"text":"family doctor"},{"attributes":{"linkedFrom":"umls.2022aa"},"text":"family medicine specialist"},{"attributes":{"linkedFrom":"umls.2022aa"},"text":"family doc."},{"attributes":{"linkedFrom":"umls.2022aa"},"text":"family medicine spec"},{"attributes":{"linkedFrom":"umls.2022aa"},"text":"family doc.."},{"attributes":{"linkedFrom":"umls.2022aa"},"text":"family medicine SPE c"},{"attributes":{"linkedFrom":"umls.2022aa"},"text":"family medicine spe-c"},{"attributes":{"linkedFrom":"umls.2022aa"},"text":"doctor of family"},{"attributes":{"linkedFrom":"umls.2022aa"},"text":"doctor of the family"},{"attributes":{"linkedFrom":"umls.2022aa"},"text":"physicians, families"},{"attributes":{"linkedFrom":"umls.2022aa"},"text":"physician, families"},{"attributes":{"linkedFrom":"umls.2022aa"},"text":"family medicine specialists"},{"attributes":{"linkedFrom":"umls.2022aa"},"text":"family medicine specs"}],"artifactVersion":"2022-04-13T21:37:22Z","disabled":false,"linkedConcept":true,"dictionary":"clinical_abbreviations_-_umls_extension_dictionary"},{"id":"C0436149","cui":"C0436149","preferredName":"Examination of skin","attributes":[{"nciCode":"C168436","semanticType":"diap","snomedConceptId":"271303006","type":"umls.DiagnosticProcedure"}],"surfaceForms":[{"text":"fbse"}],"artifactVersion":"2022-04-13T21:37:22Z","disabled":false,"dictionary":"clinical_abbreviations_-_umls_extension_dictionary"}],"extends":"umls.latest","readonly":true}