{"id":"ada_t2_diabetes_dictionary","name":"ada_t2_diabetes_dictionary","layout":"umls","defaultTransforms":{"detectPreferredName":true,"normalizeCase":true,"detectUmlsSemanticType":true},"concepts":[{"id":"C0428554","cui":"C0428554","preferredName":"Finding of blood glucose level","attributes":[{"type":"umls.LaboratoryOrTestResult"}],"surfaceForms":[{"text":"post-prandial blood glucose result"}]},{"id":"C4291676","cui":"C4291676","preferredName":"A1C","attributes":[{"semanticType":"diap","type":"umls.DiagnosticProcedure"}],"surfaceForms":[{"text":"A1Cs"}]},{"id":"C0018801","cui":"C0018801","preferredName":"Heart failure","attributes":[{"icd10Code":"I50.9,P29.0","loincId":"LP269421-6","meshId":"M0009953","nciCode":"C50577","semanticType":"dsyn","snomedConceptId":"84114007","type":"umls.DiseaseOrSyndrome"}],"surfaceForms":[{"text":"HF"}]},{"id":"C1956346","cui":"C1956346","preferredName":"Coronary Artery Disease","attributes":[{"icd10Code":"I25.1,I25.10,I77.9","icd9Code":"447.9","loincId":"LP90122-0","meshId":"M0502868","nciCode":"C26732","semanticType":"dsyn","snomedConceptId":"53741008,414024009","type":"umls.DiseaseOrSyndrome"}],"surfaceForms":[{"text":"CAD"}]},{"id":"C0428569","cui":"C0428569","preferredName":"Post-prandial blood glucose measurement","attributes":[{"type":"umls.LaboratoryProcedure"}],"surfaceForms":[{"text":"postprandial blood glucose measurement"},{"text":"postprandial blood glucose level"},{"text":"postprandial blood glucose"}]},{"id":"C0202045","cui":"C0202045","preferredName":"Fasting blood sugar result","attributes":[{"type":"umls.LaboratoryOrTestResult"}],"surfaceForms":[{"text":"preprandial blood glucose"},{"text":"preprandial blood glucose level"},{"text":"preprandial blood sugar"},{"text":"preprandial blood sugar level"}]},{"id":"C0019018","cui":"C0019018","preferredName":"Glycosylated hemoglobin A","attributes":[{"semanticType":"bacs","type":"umls.BiologicallyActiveSubstance"}],"surfaceForms":[{"text":"A1Cs"}]},{"id":"C0014361","cui":"C0014361 ","preferredName":"Glucagon-Like Peptides","attributes":[{"type":"umls.AminoAcidPeptideOrProtein"}],"surfaceForms":[{"text":"GLP"}]},{"id":"C2964135","cui":"C2964135","preferredName":"Infusion Rate","attributes":[{"type":"umls.TemporalConcept"}],"surfaceForms":[{"text":"infusion rates"}]},{"id":"C3811844","cui":"C3811844","preferredName":"Estimated Glomerular Filtration Rate","attributes":[{"semanticType":"lbpr","type":"umls.LaboratoryProcedure"}],"surfaceForms":[{"text":"estimated GFR"}]},{"id":"C1318607","cui":"C1318607 ","preferredName":"﻿HBA1c target","attributes":[{"semanticType":"fndg","type":"umls.Finding"}],"surfaceForms":[{"text":"target A1Cs"}]},{"id":"C0079318","cui":"C0079318","preferredName":"Euglycemic Clamp","attributes":[{"type":"umls.ResearchDevice"}],"surfaceForms":[{"text":"hyperinsulinemic clamp"},{"text":"hyperinsulinemic clamps"}]},{"id":"C0061355","cui":"C0061355","preferredName":"Glucagon-Like Peptide-1","attributes":[{"semanticType":"aapp","type":"umls.AminoAcidPeptideOrProtein"}],"surfaceForms":[{"text":"GLP1"}]}]}