{"id":"clinical_insights_-_sections","name":"Clinical Insights - Sections","layout":"section_whitelist","defaultTransforms":{"detectPreferredName":true},"concepts":[{"id":"51b17e40-6a7c-487d-8aa1-d9fd23062148","preferredName":"Medications","attributes":[{}],"surfaceForms":[{"text":"MEDICATIONS"},{"text":"HOSPITAL MEDICATIONS"},{"text":"MEDICATION"},{"text":"MEDICATION LIST"},{"text":"MEDICATION SUMMARY"},{"text":"MEDICATIONS SUMMARY"}],"artifactVersion":"2022-04-13T21:37:19Z","disabled":false,"dictionary":"clinical_insights_-_sections"}]}