{"id":"acd.acd_clinical_insights_v1.0_temporal_triggers","name":"Temporal Triggers","layout":"umls","concepts":[{"id":"TEC-00019","cui":"TEC-00019","preferredName":"Dates07","attributes":[{"type":"TemporalTrigger"}],"regexes":[{"pattern":"\\b(?i)((([0-9])|([0-2][0-9])|([3][0-1]))(st|nd|rd|th)?|first|second|third|fourth|fifth|sixth|seventh|eighth|ninth|tenth)(\\s*([-\\/]|of))?(\\s*(Jan(\\.|uary)?|Feb(\\.|ruary)?|Mar(\\.|ch)?|Apr(\\.|il)?|May|Jun(\\.|e)?|Jul(\\.|y)?|Aug(\\.|ust)?|Sep(t)?(\\.|tember)?|Oct(\\.|ober)?|Nov(\\.|ember)?|Dec(\\.|ember)?))(\\s*[-\\/,]?\\s*\\d{2,4})?\\b"}],"artifactVersion":"2022-04-07T12:25:19Z","disabled":false,"dictionary":"temporal_triggers"},{"id":"TEC-00007","cui":"TEC-00007","preferredName":"Frequency","attributes":[{"type":"TemporalTrigger"}],"surfaceForms":[{"text":"weekly"},{"text":"hourly"}],"artifactVersion":"2022-04-07T12:25:19Z","disabled":true,"dictionary":"temporal_triggers"},{"id":"TEC-00029","cui":"TEC-00029","preferredName":"Dates17","attributes":[{"type":"TemporalTrigger"}],"regexes":[{"pattern":"\\b(?i)((one|two|three|four|five|six|seven|eight|nine)\\s+hundred\\s*(and|[-])?\\s*)?((twenty|thirty|forty|fifty|sixty|seventy|eighty|ninety)\\s*[-]?\\s*)?(one|two|three|four|five|six|seven|eight|nine|ten|eleven|twelve|thirteen|fourteen|fifteen|sixteen|seventeen|eighteen|nineteen)(\\s+and\\s+a\\s+half)?(\\s+(years|year|months|month|weeks|week|days|day|hours|hour))\\b(?!((\\s*|-)old))"}],"artifactVersion":"2022-04-07T12:25:19Z","disabled":false,"dictionary":"temporal_triggers"},{"id":"TEC-00017","cui":"TEC-00017","preferredName":"Dates05","attributes":[{"type":"TemporalTrigger"}],"regexes":[{"pattern":"\\b(?i)((Mon(\\.|day)?|Tue(\\.|s|s\\.|sday)?|Wed(\\.|nesday)?|Thu(\\.|r|r\\.|rs|rs\\.|rsday)?|Fri(\\.|day)?|Sat(\\.|urday)?|Sun(\\.|day)?)\\s*[,]?\\s*)?(Jan(\\.|uary)?|Feb(\\.|ruary)?|Mar(\\.|ch)?|Apr(\\.|il)?|May|Jun(\\.|e)?|Jul(\\.|y)?|Aug(\\.|ust)?|Sep(\\.|tember)?|Oct(\\.|ober)?|Nov(\\.|ember)?|Dec(\\.|ember)?)((\\s+|[,.\\/]|-)?\\d{4})?((\\s+|[,.\\/]|-)?\\d{1,2}(st|nd|rd|th)?)?((\\s+|[,.\\/]|-|\\s*of)?\\s*(\\d{4}|\\s*((the\\s*)?(last|this|next|following|subsequent|previous|prior|current))\\s*year))?\\b"}],"artifactVersion":"2022-04-07T12:25:19Z","disabled":false,"dictionary":"temporal_triggers"},{"id":"TEC-00039","cui":"TEC-00039","preferredName":"Dates21","attributes":[{"type":"TemporalTrigger"}],"regexes":[{"pattern":"\\byear of [1-2][0-9]{3}\\b"}],"artifactVersion":"2022-04-07T12:25:19Z","disabled":false,"dictionary":"temporal_triggers"},{"id":"TEC-00049","cui":"TEC-00049","preferredName":"Dates25","attributes":[{"type":"TemporalTrigger"}],"surfaceForms":[{"text":"next May"},{"text":"last May"},{"text":"previous May"},{"text":"during May"}],"artifactVersion":"2022-04-07T12:25:19Z","disabled":false,"dictionary":"temporal_triggers"},{"id":"TEC-00027","cui":"TEC-00027","preferredName":"Dates15","attributes":[{"type":"TemporalTrigger"}],"regexes":[{"pattern":"\\b(?i)(Jan(uary)?|Feb(ruary)?|Mar(ch)?|Apr(il)?|May|Jun(e)?|Jul(y)?|Aug(ust)?|Sep(tember)?|Oct(ober)?|Nov(ember)?|Dec(ember)?),?\\s+(of\\s+)?(\\d{4}|\\d{2})\\b"}],"artifactVersion":"2022-04-07T12:25:19Z","disabled":false,"dictionary":"temporal_triggers"},{"id":"TEC-00015","cui":"TEC-00015","preferredName":"Dates03","attributes":[{"type":"TemporalTrigger"}],"regexes":[{"pattern":"(\\d{2})[\\/.-](\\d{2})[\\/.-](\\d{4})"}],"artifactVersion":"2022-04-07T12:25:19Z","disabled":false,"dictionary":"temporal_triggers"},{"id":"TEC-00037","cui":"TEC-00037","preferredName":"HospitalDays01","attributes":[{"type":"TemporalTrigger"}],"regexes":[{"pattern":"\\b(?i)((postop(eration|erative)?|hospital(i[zs]ation)?)\\s+)?(day|week|month|year)\\s+(#)?(one|two|three|four|five|six|seven|eight|nine|ten|[0-9][0-9]?)\\b"}],"artifactVersion":"2022-04-07T12:25:19Z","disabled":false,"dictionary":"temporal_triggers"},{"id":"TEC-00047","cui":"TEC-00047","preferredName":"Dates23","attributes":[{"type":"TemporalTrigger"}],"surfaceForms":[{"text":"monday"},{"text":"mondays"},{"text":"monday's"},{"text":"mon."},{"text":"mon"},{"text":"tuesday"},{"text":"tuesdays"},{"text":"tuesday's"},{"text":"tues."},{"text":"tues"},{"text":"wednesday"},{"text":"wednesdays"},{"text":"wednesday's"},{"text":"wed."},{"text":"thursday"},{"text":"thursdays"},{"text":"thursday's"},{"text":"thurs."},{"text":"thurs"},{"text":"thur"},{"text":"friday"},{"text":"fridays"},{"text":"friday's"},{"text":"fri."},{"text":"fri"},{"text":"saturday"},{"text":"saturdays"},{"text":"saturday's"},{"text":"sat."},{"text":"sunday"},{"text":"sundays"},{"text":"sunday's"},{"text":"sun."}],"artifactVersion":"2022-04-07T12:25:19Z","disabled":false,"dictionary":"temporal_triggers"},{"id":"TEC-00025","cui":"TEC-00025","preferredName":"Dates13","attributes":[{"type":"TemporalTrigger"}],"regexes":[{"pattern":"\\b((0?[1-9]|[12][0-9]|3[01])[- \\/\\.](0?[1-9]|1[012])[- \\/\\.](19|20)?[0-9]{2})\\b"}],"artifactVersion":"2022-04-07T12:25:19Z","disabled":false,"dictionary":"temporal_triggers"},{"id":"TEC-00035","cui":"TEC-00035","preferredName":"Dates20","attributes":[{"type":"TemporalTrigger"}],"regexes":[{"pattern":"(?<!\\w)('[0-9]{2})\\b"}],"artifactVersion":"2022-04-07T12:25:19Z","disabled":false,"dictionary":"temporal_triggers"},{"id":"TEC-00013","cui":"TEC-00013","preferredName":"Dates01","attributes":[{"type":"TemporalTrigger"}],"regexes":[{"pattern":"\\b(?i)((Mon(\\.|day)?|Tue(\\.|s|s\\.|sday)?|Wed(\\.|nesday)?|Thu(\\.|r|r\\.|rs|rs\\.|rsday)?|Fri(\\.|day)?|Sat(\\.|urday)?|Sun(\\.|day)?)\\s*[,]?\\s*)?((0|0?[1-9]|1[012])[-\\/.](0|0?[1-9]|[12][0-9]|3[01])[-\\/.](19|20)?[0-9]{1,2})\\b"}],"artifactVersion":"2022-04-07T12:25:19Z","disabled":false,"dictionary":"temporal_triggers"},{"id":"TEC-00023","cui":"TEC-00023","preferredName":"Dates11","attributes":[{"type":"TemporalTrigger"}],"regexes":[{"pattern":"\\b19([0-9]{2})\\b"}],"artifactVersion":"2022-04-07T12:25:19Z","disabled":false,"dictionary":"temporal_triggers"},{"id":"TEC-00011","cui":"TEC-00011","preferredName":"Frequency3","attributes":[{"type":"TemporalTrigger"}],"regexes":[{"pattern":"\\b(?i)daily(?!(\\s+living))\\b"}],"artifactVersion":"2022-04-07T12:25:19Z","disabled":true,"dictionary":"temporal_triggers"},{"id":"TEC-00033","cui":"TEC-00033","preferredName":"Dates18","attributes":[{"type":"TemporalTrigger"}],"regexes":[{"pattern":"\\b(?i)(Spring|Summer|Fall|Autumn|Winter)(\\s*(of|,))?\\s*((19|20)?[0-9]{2}|((the\\s*)?(last|this|next|following|subsequent|previous|prior|current))\\s*year)\\b"}],"artifactVersion":"2022-04-07T12:25:19Z","disabled":false,"dictionary":"temporal_triggers"},{"id":"TEC-00021","cui":"TEC-00021","preferredName":"Dates09","attributes":[{"type":"TemporalTrigger"}],"regexes":[{"pattern":"\\b\\d\\d\\d\\d[\\/\\.-]\\d\\d[\\/\\.-]\\d\\d\\b"}],"artifactVersion":"2022-04-07T12:25:19Z","disabled":false,"dictionary":"temporal_triggers"},{"id":"TEC-00043","cui":"TEC-00043","preferredName":"Reldate5","attributes":[{"type":"TemporalTrigger"}],"surfaceForms":[{"text":"day of discharge"},{"text":"time of discharge"}],"artifactVersion":"2022-04-07T12:25:19Z","disabled":false,"dictionary":"temporal_triggers"},{"id":"TEC-00031","cui":"TEC-00031","preferredName":"Time02","attributes":[{"type":"TemporalTrigger"}],"regexes":[{"pattern":"\\b(?<!(?i)(positive\\sat\\s))[0-9]{1,2}(\\s*?([aA]|[Pp])\\.?(m|M)\\.?)\\b"}],"artifactVersion":"2022-04-07T12:25:19Z","disabled":true,"dictionary":"temporal_triggers"},{"id":"TEC-00041","cui":"TEC-00041","preferredName":"Time04","attributes":[{"type":"TemporalTrigger"}],"regexes":[{"pattern":"\\b(?i)([0-9]{1,2}|one|two|three|four|five|six|seven|eight|nine|ten|eleven|twelve)\\s(oclock|o'clock)(\\s[ap]\\.m)?\\b"}],"artifactVersion":"2022-04-07T12:25:19Z","disabled":true,"dictionary":"temporal_triggers"},{"id":"TEC-00009","cui":"TEC-00009","preferredName":"Reldate2","attributes":[{"type":"TemporalTrigger"}],"regexes":[{"pattern":"\\b(?i)(yr|yer|year)(?!(s|(\\s*|-)old))\\b"}],"artifactVersion":"2022-04-07T12:25:19Z","disabled":false,"dictionary":"temporal_triggers"},{"id":"TEC-00008","cui":"TEC-00008","preferredName":"Frequency1","attributes":[{"type":"TemporalTrigger"}],"regexes":[{"pattern":"\\b((?i)a\\s*(day|week|year|month))\\b"}],"artifactVersion":"2022-04-07T12:25:19Z","disabled":true,"dictionary":"temporal_triggers"},{"id":"TEC-00018","cui":"TEC-00018","preferredName":"Dates06 (like Dates01 but more doesn't allow 0/0/0)","attributes":[{"type":"TemporalTrigger"}],"regexes":[{"pattern":"\\b((0?[1-9]|1[012])[-\\/\\.](0?[1-9]|[12][0-9]|3[01])[-\\/\\.](19|20)?[0-9]{2})\\b"}],"artifactVersion":"2022-04-07T12:25:19Z","disabled":true,"dictionary":"temporal_triggers"},{"id":"TEC-00006","cui":"TEC-00006","preferredName":"Reldate","attributes":[{"type":"TemporalTrigger"}],"surfaceForms":[{"text":"yesterday"},{"text":"yesterday's"},{"text":"yesterdays"},{"text":"day before"},{"text":"previous day"},{"text":"preceding day"},{"text":"today"},{"text":"today's"},{"text":"todays"},{"text":"tonight"},{"text":"tonight's"},{"text":"tonights"},{"text":"this morning"},{"text":"this morning's"},{"text":"this mornings"},{"text":"tomorrow"},{"text":"tomorrow's"},{"text":"tomorrows"},{"text":"tomorrow morning"},{"text":"tomorrow morning's"},{"text":"tomorrow mornings"},{"text":"tomorrow night"},{"text":"tomorrow night's"},{"text":"tomorrow nights"},{"text":"yesterday morning"},{"text":"yesterday morning's"},{"text":"yesterday mornings"},{"text":"last night"},{"text":"day after"},{"text":"day later"},{"text":"next day"},{"text":"following day"},{"text":"now"},{"text":"now's"},{"text":"at the present time"},{"text":"currently"},{"text":"at this time"},{"text":"weeks"},{"text":"week's"},{"text":"wek"},{"text":"wk"},{"text":"wks"},{"text":"weks"},{"text":"month"},{"text":"month's"},{"text":"mnth"},{"text":"mth"},{"text":"months"},{"text":"mnths"},{"text":"mths"},{"text":"mo"},{"text":"mos"},{"text":"24-hour"},{"text":"24 hour"},{"text":"24-hours"},{"text":"24 hours"},{"text":"48 hour"},{"text":"48-hour"},{"text":"48 hours"},{"text":"48-hours"},{"text":"72 hour"},{"text":"72-hour"},{"text":"72 hours"},{"text":"72-hours"}],"artifactVersion":"2022-04-07T12:25:19Z","disabled":false,"dictionary":"temporal_triggers"},{"id":"TEC-00028","cui":"TEC-00028","preferredName":"Dates16","attributes":[{"type":"TemporalTrigger"}],"regexes":[{"pattern":"\\b(?i)(Jan(uary)?|Feb(ruary)?|Mar(ch)?|Apr(il)?|May|Jun(e)?|Jul(y)?|Aug(ust)?|Sep(tember)?|Oct(ober)?|Nov(ember)?|Dec(ember)?)\\s+\\d{1,2}(st|nd|rd|th)?(,?\\s+\\d{4})?\\b"}],"artifactVersion":"2022-04-07T12:25:19Z","disabled":false,"dictionary":"temporal_triggers"},{"id":"TEC-00038","cui":"TEC-00038","preferredName":"HospitalDays02","attributes":[{"type":"TemporalTrigger"}],"regexes":[{"pattern":"\\b(?i)([0-9](st|nd|rd|th)|(first|second|third|fourth|fifth|sixth|seventh|eighth|ninth|tenth))\\s+((postop(eration|erative)?|hospital(i[zs]ation)?)\\s+)?(day|week|month|year)(\\s+of\\s+(postop|hospital(i[zs]ation)?))?\\b"}],"artifactVersion":"2022-04-07T12:25:20Z","disabled":false,"dictionary":"temporal_triggers"},{"id":"TEC-00016","cui":"TEC-00016","preferredName":"Dates04","attributes":[{"type":"TemporalTrigger"}],"regexes":[{"pattern":"\\b(?i)(([0-9])|([0-2][0-9])|([3][0-1]))\\ (Jan|Feb|Mar|Apr|May|Jun|Jul|Aug|Sep|Oct|Nov|Dec)d{4}\\b"}],"artifactVersion":"2022-04-07T12:25:20Z","disabled":false,"dictionary":"temporal_triggers"},{"id":"TEC-00026","cui":"TEC-00026","preferredName":"Dates14","attributes":[{"type":"TemporalTrigger"}],"regexes":[{"pattern":"\\b(?i)((0?[1-9]|1[012])[-\\/\\.](((19|20)?[0-9]{2})|((0?[1-9]|[12][0-9]|3[01]))))\\b(?!\\s*(inches|degrees|pounds|visits))"}],"artifactVersion":"2022-04-07T12:25:20Z","disabled":false,"dictionary":"temporal_triggers"},{"id":"TEC-00048","cui":"TEC-00048","preferredName":"Dates24","attributes":[{"type":"TemporalTrigger"}],"regexes":[{"pattern":"\\b(?i)(19|20)?[0-9]0('s|s)\\b"}],"artifactVersion":"2022-04-07T12:25:20Z","disabled":false,"dictionary":"temporal_triggers"},{"id":"TEC-00036","cui":"TEC-00036","preferredName":"Miscellanous Excluded Phrases","attributes":[{"type":"TemporalTriggerExclusion"}],"surfaceForms":[{"text":"year round"},{"text":"pack-year"},{"text":"pack-years"},{"text":"spring tension"},{"text":"pack year"},{"text":"pack years"},{"text":"winter's shunt"},{"text":"winter shunt"},{"text":"winters shunt"},{"text":"winter depression"},{"text":"winter depressions"},{"text":"summer school"},{"text":"summer camp"},{"text":"sun burn"}],"artifactVersion":"2022-04-07T12:25:20Z","disabled":false,"dictionary":"temporal_triggers"},{"id":"TEC-00014","cui":"TEC-00014","preferredName":"Dates02","attributes":[{"type":"TemporalTrigger"}],"regexes":[{"pattern":"\\b(?i)((Mon(\\.|day)?|Tue(\\.|s|s\\.|sday)?|Wed(\\.|nesday)?|Thu(\\.|r|r\\.|rs|rs\\.|rsday)?|Fri(\\.|day)?|Sat(\\.|urday)?|Sun(\\.|day)?)\\s*[,]?\\s*)?((0|0?[1-9]|[12][0-9]|3[01])[-\\/.](0|0?[1-9]|1[012])[-\\/.](19|20)?[0-9]{2})\\b"}],"artifactVersion":"2022-04-07T12:25:20Z","disabled":false,"dictionary":"temporal_triggers"},{"id":"TEC-00046","cui":"TEC-00046","preferredName":"Dates22","attributes":[{"type":"TemporalTrigger"}],"surfaceForms":[{"text":"Fall"},{"text":"months of the fall"},{"text":"Spring"},{"text":"spring months"},{"text":"months of the spring"},{"text":"Summer"},{"text":"summer"},{"text":"summer months"},{"text":"months of the summer"},{"text":"Autumn"},{"text":"autumn"},{"text":"autumn months"},{"text":"months of the autumn"},{"text":"Winter"},{"text":"winter"},{"text":"winter months"},{"text":"months of the winter"}],"regexes":[{"pattern":"\\b((?i)last|this|next|following|subsequent|previous|prior|current)\\s+(Spring|Fall|(?i)summer|autumn|winter)\\b"}],"artifactVersion":"2022-04-07T12:25:20Z","disabled":false,"dictionary":"temporal_triggers"},{"id":"TEC-00024","cui":"TEC-00024","preferredName":"Dates12","attributes":[{"type":"TemporalTrigger"}],"regexes":[{"pattern":"\\b20([0-9]{2})\\b"}],"artifactVersion":"2022-04-07T12:25:20Z","disabled":false,"dictionary":"temporal_triggers"},{"id":"TEC-00034","cui":"TEC-00034","preferredName":"Dates19","attributes":[{"type":"TemporalTrigger"}],"regexes":[{"pattern":"\\b([0-9]{2}(( +to +)|(-|\\.)))[0-9]{2}\\b"},{"pattern":"\\b([0-9]{4}(( +to +)|(-|\\.)))[0-9]{4}\\b"}],"artifactVersion":"2022-04-07T12:25:20Z","disabled":false,"dictionary":"temporal_triggers"},{"id":"TEC-00012","cui":"TEC-00012","preferredName":"Frequency4","attributes":[{"type":"TemporalTrigger"}],"regexes":[{"pattern":"\\b(?i)(((((((twice|once)\\s+)?a\\s+)|(every\\s+other\\s+))?))?(?<!(day of the )|(days of the ))(day|week|year|month|year)(?!\\s+of\\s+the\\s+(week|month|year\\b)))\\b"}],"artifactVersion":"2022-04-07T12:25:20Z","disabled":false,"dictionary":"temporal_triggers"},{"id":"TEC-00022","cui":"TEC-00022","preferredName":"Dates10","attributes":[{"type":"TemporalTrigger"}],"regexes":[{"pattern":"\\b(?i)((past|last|prior|previous|next|following|subsequent|ensuing)\\s*)?(((few|many|couple(\\s*of)?|several)\\s*)|((x\\s?)?([0-9]+|one|two|three|four|five|six|seven|eight|nine|ten|eleven|twelve|twenty|thirty|forty|fifty|sixty)(\\s*(to|or|out\\s*of|of|-|\\/)\\s*))?((x\\s?)?[0-9]+|one|two|three|four|five|six|seven|eight|nine|ten|eleven|twelve|twenty|thirty|forty|fifty|sixty)(\\s|-)*)?((additional|more|less|fewer)\\s*)?(sec(ond)?s?|min(utes)?s?|hours|hour|days|day|weeks|wks|week|weekend|weekends|months|month|years|year|yrs|decades|decade|centuries|century)(\\s*(ago|(of\\s*the\\s*(day|week|month|year|winter|summer|spring|fall|autumn)|(after|before|prior\\s*to|from)\\s*(now|today))))?\\b(?!((\\s*|-)old))"}],"artifactVersion":"2022-04-07T12:25:20Z","disabled":false,"dictionary":"temporal_triggers"},{"id":"TEC-00044","cui":"TEC-00044","preferredName":"HospitalDays03","attributes":[{"type":"TemporalTrigger"}],"surfaceForms":[{"text":"HD#1"},{"text":"HD#2"},{"text":"HD#3"},{"text":"HD#4"},{"text":"HD#5"},{"text":"HD#6"},{"text":"HD#7"},{"text":"HD#8"},{"text":"HD#9"},{"text":"HD#10"}],"artifactVersion":"2022-04-07T12:25:20Z","disabled":false,"dictionary":"temporal_triggers"},{"id":"TEC-00010","cui":"TEC-00010","preferredName":"Reldate1","attributes":[{"type":"TemporalTrigger"}],"regexes":[{"pattern":"\\b(?i)(yrs|yers|years)(?!(s|(\\s*|-)old))\\b"}],"artifactVersion":"2022-04-07T12:25:20Z","disabled":false,"dictionary":"temporal_triggers"},{"id":"TEC-00032","cui":"TEC-00032","preferredName":"Time03","attributes":[{"type":"TemporalTrigger"}],"regexes":[{"pattern":"\\b(?<!(?i)(positive\\sat\\s))([0-9]|0[0-9]|1[0-9]|2[0-3]):[0-5][0-9](:[0-5][0-9])?\\b"}],"artifactVersion":"2022-04-07T12:25:20Z","disabled":true,"dictionary":"temporal_triggers"},{"id":"TEC-00020","cui":"TEC-00020","preferredName":"Dates08","attributes":[{"type":"TemporalTrigger"}],"regexes":[{"pattern":"(?i)(?<!(blood\\spressure)|\\/)\\b((day|month|year)\\s+)?([0-9]{2})(st|nd|rd|th)?\\b(?!(((\\s*|-)(o'clock|am|pm|a\\.?m\\.?|p\\.?m\\.?|inches|degrees|pounds|visits|%|mg|-*year(s)?(\\s*|-)old)|\\s+((hours|hour|days|day|weeks|week|months|month|years|year|minutes|minute|seconds|second)(\\s+|-))?old))|-)"}],"artifactVersion":"2022-04-07T12:25:20Z","disabled":false,"dictionary":"temporal_triggers"},{"id":"TEC-00042","cui":"TEC-00042","preferredName":"Reldate4","attributes":[{"type":"TemporalTrigger"}],"surfaceForms":[{"text":"this year"},{"text":"current year"},{"text":"present year"},{"text":"recent years"},{"text":"this month"},{"text":"current month"},{"text":"present month"},{"text":"recent months"},{"text":"this week"},{"text":"current week"},{"text":"present week"},{"text":"recent weeks"},{"text":"present day"},{"text":"current day"},{"text":"these days"},{"text":"recent days"}],"artifactVersion":"2022-04-07T12:25:20Z","disabled":false,"dictionary":"temporal_triggers"},{"id":"TEC-00030","cui":"TEC-00030","preferredName":"Time01","attributes":[{"type":"TemporalTrigger"}],"regexes":[{"pattern":"\\b(?<!(?i)(positive\\sat\\s))[0-9]{1,2}(:|\\.)[0-9]{2}(\\s*?([aA]|[Pp])\\.?(m|M)\\.?)?"}],"artifactVersion":"2022-04-07T12:25:20Z","disabled":true,"dictionary":"temporal_triggers"},{"id":"TEC-00040","cui":"TEC-00040","preferredName":"Reldate3","attributes":[{"type":"TemporalTrigger"}],"regexes":[{"pattern":"\\b(few|couple|couple\\sof|several)\\s(days|weeks|months|years)\\b"}],"artifactVersion":"2022-04-07T12:25:20Z","disabled":false,"dictionary":"temporal_triggers"},{"id":"TEC-00050","cui":"TEC-00050","preferredName":"Reldate6","attributes":[{"type":"TemporalTrigger"}],"regexes":[{"pattern":"(?i)\\bx {1,2}(\\d\\d?(-\\d\\d?)?([wdmyh]|\\/12|\\/52|\\/7))\\b"}],"artifactVersion":"2022-04-07T12:25:20Z","disabled":false,"dictionary":"temporal_triggers"}],"readonly":true}