{"id":"acd.acd_clinical_insights_v1.0_clinical_insights_-_expanded_concepts","name":"Clinical Insights - Expanded Concepts","layout":"umls","defaultTransforms":{"detectPreferredName":true,"normalizeCase":true,"detectUmlsSemanticType":true},"enableLinkedConcepts":false,"defaultLinkedConcepts":false,"concepts":[{"id":"C0015230","cui":"C0015230","preferredName":"Exanthema","attributes":[{"icd10Code":"R21","icd9Code":"782.1","loincId":"LA7469-5,LP30547-1,LA29194-0,MTHU015064,MTHU020933","meshId":"M0007993","nciCode":"C39594,C111884","semanticType":"sosy","snomedConceptId":"271807003","type":"umls.SignOrSymptom"}],"surfaceForms":[{"text":"skin reaction"}],"artifactVersion":"2022-04-13T21:37:30Z","disabled":false,"dictionary":"clinical_insights_-_expanded_concepts"},{"id":"C0546884","cui":"C0546884","preferredName":"Hypovolemia","attributes":[{"icd10Code":"E86","loincId":"MTHU013362","meshId":"M0328462","nciCode":"C50595","semanticType":"fndg","snomedConceptId":"816082000","type":"umls.Finding"}],"surfaceForms":[{"text":"overdiuresis"},{"text":"over-diuresis"},{"text":"over-diuresed"},{"text":"overdiuresed"}],"artifactVersion":"2022-04-13T21:37:30Z","disabled":false,"dictionary":"clinical_insights_-_expanded_concepts"},{"id":"C0020649","cui":"C0020649","preferredName":"Hypotension","attributes":[{"icd10Code":"I95.9","icd9Code":"458.8","loincId":"MTHU020790,LA16994-8,LA7443-0","meshId":"M0010927","nciCode":"C3128","semanticType":"fndg","snomedConceptId":"45007003","type":"umls.Finding"}],"surfaceForms":[{"text":"low blood pressure"}],"artifactVersion":"2022-04-13T21:37:30Z","disabled":false,"dictionary":"clinical_insights_-_expanded_concepts"},{"id":"C4740728","cui":"C4740728","preferredName":"Altered mental status (disorientation, lethargy, stupor, or coma)","attributes":[{"loincId":"LA29581-8","semanticType":"sosy","type":"umls.SignOrSymptom"}],"surfaceForms":[{"text":"mental status change"},{"text":"altered mental status"},{"text":"altered mental state"},{"text":"change in mental status"}],"artifactVersion":"2022-04-13T21:37:30Z","disabled":false,"dictionary":"clinical_insights_-_expanded_concepts"},{"id":"C0235309","cui":"C0235309","preferredName":"Upset stomach","attributes":[{"icd10Code":"R10.9,K30,R10.1","icd9Code":"536.8","semanticType":"sosy","snomedConceptId":"162059005,271681002","type":"umls.SignOrSymptom"}],"surfaceForms":[{"text":"gastrointestinal reaction"},{"text":"gastrointestinal upset"},{"text":"GI reaction"},{"text":"gastrointestinal side effects"}],"artifactVersion":"2022-04-13T21:37:30Z","disabled":false,"dictionary":"clinical_insights_-_expanded_concepts"},{"id":"C0426631","cui":"C0426631","preferredName":"Unable to break wind","attributes":[{"icd10Code":"R19.8","semanticType":"sosy","snomedConceptId":"249509001","type":"umls.SignOrSymptom"}],"surfaceForms":[{"text":"difficulty passing gas"},{"text":"unable to pass gas"},{"text":"unable to break wind"},{"text":"unable to pass flatus"}],"artifactVersion":"2022-04-13T21:37:30Z","disabled":false,"dictionary":"clinical_insights_-_expanded_concepts"},{"id":"C0002771","cui":"C0002771","preferredName":"Analgesics","attributes":[{"loincId":"LP31483-8,LP134119-9,MTHU015955","meshId":"M0001067","nciCode":"C241,C29631","semanticType":"hops","snomedConceptId":"373265006,53009005","type":"umls.HazardousOrPoisonousSubstance"}],"surfaceForms":[{"text":"pain medication"},{"text":"pain medications"},{"text":"pain meds"}],"artifactVersion":"2022-04-13T21:37:30Z","disabled":false,"dictionary":"clinical_insights_-_expanded_concepts"},{"id":"C1304686","cui":"C1304686","preferredName":"Finding of pH","attributes":[{"semanticType":"fndg","snomedConceptId":"365723003","type":"umls.Finding"}],"surfaceForms":[{"text":"PH"}],"artifactVersion":"2022-04-13T21:37:30Z","disabled":false,"dictionary":"clinical_insights_-_expanded_concepts"},{"id":"C0558171","cui":"C0558171","preferredName":"Deteriorating vision","attributes":[{"icd10Code":"H54.7,H53.8","semanticType":"sosy","snomedConceptId":"225581002","type":"umls.SignOrSymptom"}],"surfaceForms":[{"text":"deteriorating vision"},{"text":"decreased vision"},{"text":"eyesight deteriorating"},{"text":"sight deteriorating"}],"artifactVersion":"2022-04-13T21:37:30Z","disabled":false,"dictionary":"clinical_insights_-_expanded_concepts"}],"extends":"umls.2022aa","readonly":true}