{"id":"covid-19_research_dictionary","name":"COVID-19 Research Dictionary","layout":"umls","defaultTransforms":{"detectPreferredName":true,"normalizeCase":false,"detectUmlsSemanticType":true},"concepts":[{"id":"C0021735","cui":"C0021735","preferredName":"Interferon Alfa-2b","attributes":[{"meshId":"M0023695","nciCode":"C1953","rxNormId":"5880","semanticType":"phsu","snomedConceptId":"108797002,386915008","type":"umls.PharmacologicSubstance"}],"surfaceForms":[{"text":"interferon α2b"}]},{"id":"C0021149","cui":"C0021149","preferredName":"Incidence","attributes":[{"meshId":"M0024451","nciCode":"C16726","semanticType":"qnco","type":"umls.QuantitativeConcept"}],"surfaceForms":[{"text":"incidence of severity"},{"text":"incidence of mortality"},{"text":"incidence of severity and mortality"},{"text":"incidence of mortality and severity"}]},{"id":"C3441987","cui":"C3441987","preferredName":"Deltacoronavirus","attributes":[{"meshId":"M000622783","nciCode":"C122279","semanticType":"virs","type":"umls.Virus"}],"surfaceForms":[{"text":"δ-coronavirus"}]},{"id":"CRD-00012","cui":"CRD-00012","preferredName":"SARS coronavirus BJ202 Genome","attributes":[{"semanticType":"gngm","type":"umls.GeneOrGenome"}],"surfaceForms":[{"text":"BJ202"}]},{"id":"C1562344","cui":"C1562344","preferredName":"Fecal-oral transmission","attributes":[{"nciCode":"C128348","semanticType":"ftcn","snomedConceptId":"417403003","type":"umls.FunctionalConcept"}],"surfaceForms":[{"text":"fecal-oral route"},{"text":"fecal-to-oral transmission"},{"text":"faecal-to-oral transmission"},{"text":"fecal to oral transmission"},{"text":"faecal to oral transmission"}]},{"id":"C4698070","cui":"C4698070","preferredName":"Human coronavirus 229E","attributes":[{"loincId":"LA19207-2","semanticType":"virs","type":"umls.Virus"}],"surfaceForms":[{"text":"hCoV-229E"},{"text":"HCoV-229E"},{"text":"Human coronavirus 229E"}]},{"id":"C4086523","cui":"C4086523","preferredName":"Intermediate Host","attributes":[{"nciCode":"C123935","semanticType":"euka","type":"umls.Organism"}],"surfaceForms":[{"text":"secondary host"},{"text":"secondary hosts"}]},{"id":"C0231221","cui":"C0231221","preferredName":"Asymptomatic","attributes":[{"loincId":"LA6737-6","nciCode":"C3833","semanticType":"fndg","snomedConceptId":"84387000","type":"umls.Finding"}],"surfaceForms":[{"text":"presymptomatic"}]},{"id":"CRD-00009","cui":"CRD-00009","preferredName":"Lock-Down","attributes":[{"type":"Containment Measures"}],"surfaceForms":[{"text":"lock down"},{"text":"lock-down"},{"text":"shutdown"},{"text":"shelter in place"},{"text":"shelter-in-place"},{"text":"stay at home"},{"text":"stay-at-home"}]},{"id":"CRD-00005","cui":"CRD-00005","preferredName":"Novel coronavirus","attributes":[{"type":"Novel coronavirus"}],"surfaceForms":[{"text":"novel coronavirus"},{"text":"nCoV"}]},{"id":"C0012641","cui":"C0012641","preferredName":"Disease Clustering","attributes":[{"meshId":"M0024461","semanticType":"qnco","type":"umls.QuantitativeConcept"}],"surfaceForms":[{"text":"infectious cluster"},{"text":"infectious clusters"},{"text":"infectious clustering"}]},{"id":"C1881203","cui":"C1881203","preferredName":"Infectious Dose","attributes":[{"nciCode":"C67448","semanticType":"qnco","type":"umls.QuantitativeConcept"}],"surfaceForms":[{"text":"infecting dose"}]},{"id":"C2806447","cui":"C2806447","preferredName":"Alphacoronavirus","attributes":[{"meshId":"M000622734","nciCode":"C119319","semanticType":"virs","type":"umls.Virus"}],"surfaceForms":[{"text":"α-coronavirus"}]},{"id":"C3947283","cui":"C3947283","preferredName":"Bat coronavirus","attributes":[{"semanticType":"virs","type":"umls.Virus"}],"surfaceForms":[{"text":"RaTG13"},{"text":"BtCoV"},{"text":"Bat-SARSr-CoV"},{"text":"BatCoV"}]},{"id":"CRD-00011","cui":"CRD-00011","preferredName":"Human coronavirus HKU1","attributes":[{"semanticType":"virs","type":"umls.Virus"}],"surfaceForms":[{"text":"human coronavirus HKU1"},{"text":"hCoV-HKU1"},{"text":"HCoV-HKU1"},{"text":"HKU1"}]},{"id":"C0206171","cui":"C0206171","preferredName":"Community-Acquired Infections","attributes":[{"meshId":"M0026784","semanticType":"dsyn","type":"umls.DiseaseOrSyndrome"}],"surfaceForms":[{"text":"community spread"}]},{"id":"CRD-00008","cui":"CRD-00008","preferredName":"Travel Restrictions","attributes":[{"type":"Containment Measures"}],"surfaceForms":[{"text":"travel restrictions"},{"text":"entry screening"},{"text":"exit screening"},{"text":"international travel intervention"},{"text":"international travel interventions"},{"text":"border screening"}]},{"id":"CRD-00016","cui":"CRD-00016","preferredName":"COVID-19 vaccination","attributes":[{"semanticType":"topp","type":"umls.TherapeuticOrPreventiveProcedure"}],"surfaceForms":[{"text":"coronavirus 2 vaccination"},{"text":"2019 novel coronavirus vaccination"},{"text":"2019-nCoV vaccination"},{"text":"SARS-CoV-2 vaccination"},{"text":"Severe acute respiratory syndrome coronavirus 2 vaccination"},{"text":"evere acute respiratory syndrome coronavirus 2 vaccination (procedure)"},{"text":"COVID-19 vaccination"}]},{"id":"CRD-00004","cui":"CRD-00004","preferredName":"Hypercytokinemia","attributes":[{"semanticType":"phsf","type":"umls.PhysiologicFunction"}],"surfaceForms":[{"text":"hypercytokinemia"},{"text":"cytokine storm"},{"text":"inflammatory storm"}]},{"id":"C3658243","cui":"C3658243","preferredName":"Spike Glycoprotein, Coronavirus","attributes":[{"meshId":"M0581462","semanticType":"bacs","type":"umls.BiologicallyActiveSubstance"}],"surfaceForms":[{"text":"SARS-CoV2 spike protein"},{"text":"SARS-CoV2 spike glycoprotein"}]},{"id":"C0332289","cui":"C0332289","preferredName":"Transmitted by","attributes":[{"nciCode":"C142499","semanticType":"ftcn","snomedConceptId":"60117003","type":"umls.FunctionalConcept"}],"surfaceForms":[{"text":"retransmitted"},{"text":"retransmitted from"}]},{"id":"C0206422","cui":"C0206422","preferredName":"Human coronavirus","attributes":[{"loincId":"LP35707-6","semanticType":"virs","snomedConceptId":"84101006","type":"umls.Virus"}],"surfaceForms":[{"text":"HCoV"},{"text":"HCoVs"},{"text":"CoV"},{"text":"CoVs"}]},{"id":"C1646817","cui":"C1646817","preferredName":"Human bocavirus","attributes":[{"loincId":"LP62090-3","meshId":"M0528310","semanticType":"virs","snomedConceptId":"446373002","type":"umls.Virus"}],"surfaceForms":[{"attributes":{"gen":"tolower"},"text":"boca"}]},{"id":"C0597641","cui":"C0597641","preferredName":"plasmid vaccine","attributes":[{"semanticType":"phsu","type":"umls.PharmacologicSubstance"}],"surfaceForms":[{"text":"vectored vaccines"},{"text":"vectored vaccine"}]},{"id":"C1444005","cui":"C1444005","preferredName":"Human to human transmission","attributes":[{"semanticType":"ftcn","snomedConceptId":"409699001","type":"umls.FunctionalConcept"}],"surfaceForms":[{"text":"human-to-human transmission"},{"text":"person-to-person transmission"},{"text":"person-person transmission"},{"text":"human-human transmission"},{"text":"person-to-person spread"},{"text":"human-to-human spread"},{"text":"person to person spread"},{"text":"human to human spread"}]},{"id":"CRD-00002","cui":"CRD-00002","preferredName":"R0","attributes":[{"type":"R naught"}],"surfaceForms":[{"attributes":{"gen":"tolower"},"text":"r0"},{"attributes":{"gen":"tolower"},"text":"r naught"}]},{"id":"C1465904","cui":"C1465904","preferredName":"unclassified coronaviruses","attributes":[{"semanticType":"virs","type":"umls.Virus"}],"surfaceForms":[{"attributes":{"gen":"tolower"},"text":"orthocoronavirinae"}]},{"id":"C2806460","cui":"C2806460","preferredName":"Gammacoronavirus","attributes":[{"meshId":"M000622746","nciCode":"C122313","semanticType":"virs","type":"umls.Virus"}],"surfaceForms":[{"text":"γ-coronavirus"}]},{"id":"C0936087","cui":"C0936087","preferredName":"Coronavirus, Feline","attributes":[{"loincId":"LP14108-2","meshId":"M0025556","semanticType":"virs","snomedConceptId":"407366004","type":"umls.Virus"}],"surfaceForms":[{"text":"civet virus"},{"text":"civet-CoV"},{"text":"civet-COVs"}]},{"id":"C0008269","cui":"C0008269","preferredName":"Chloroquine","attributes":[{"loincId":"LP16070-2,MTHU014870","meshId":"M0004182","nciCode":"C61671","rxNormId":"2393","semanticType":"phsu","snomedConceptId":"373468005,14728000","type":"umls.PharmacologicSubstance"}],"surfaceForms":[{"text":"CQ"}],"disabled":false},{"id":"C0242781","cui":"C0242781","preferredName":"disease transmission","attributes":[{"loincId":"MTHU050362,LP189521-0","meshId":"M0027825","nciCode":"C17214","semanticType":"patf","type":"umls.PathologicFunction"}],"surfaceForms":[{"text":"route(s) of transmission"},{"text":"route of transmission"},{"text":"routes of transmission"},{"text":"fecal transmission"},{"text":"oral transmission"},{"text":"geographical spread"}]},{"id":"CRD-00010","cui":"CRD-00010","preferredName":"Super-spreader","attributes":[{"semanticType":"patf","type":"umls.PathologicFunction"}],"surfaceForms":[{"text":"super-spreader"},{"text":"super-spreading"},{"text":"superspreader"},{"text":"superspreading"},{"text":"super spreader"},{"text":"super spreading"}]},{"id":"CRD-00007","cui":"CRD-00007","preferredName":"CRD-BloodType","attributes":[{"semanticType":"clna","type":"umls.ClinicalAttribute"}],"surfaceForms":[{"text":"type a"},{"text":"type a+"},{"text":"type a-"},{"text":"type b"},{"text":"type b+"},{"text":"type b-"},{"text":"type o"},{"text":"type o+"},{"text":"type o-"},{"text":"type ab"},{"text":"type ab+"},{"text":"type ab-"}]},{"id":"CRD-00015","cui":"CRD-00015","preferredName":"Intra-Familial Transmission","attributes":[{"semanticType":"ftcn","type":"umls.FunctionalConcept"}],"surfaceForms":[{"text":"intra-familial transmission"},{"text":"intrafamilial transmission"}]},{"id":"C0599561","cui":"C0599561","preferredName":"e protein","attributes":[{"semanticType":"aapp","type":"umls.AminoAcidPeptideOrProtein"}],"surfaceForms":[{"text":"small membrane protein"}]},{"id":"CRD-00003","cui":"CRD-00003","preferredName":"Containment Measures","attributes":[{"type":"Containment Measures"}],"surfaceForms":[{"text":"contact tracing"},{"text":"awareness campaigns"},{"text":"social distancing"}]},{"id":"C0015980","cui":"C0015980","preferredName":"Interferon-beta","attributes":[{"loincId":"LP18172-4,MTHU003525","meshId":"M0025715","nciCode":"C20495","rxNormId":"4381","semanticType":"phsu","snomedConceptId":"420710006,136112008","type":"umls.PharmacologicSubstance"}],"surfaceForms":[{"text":"interferon β"}]},{"id":"C3827002","cui":"C3827002","preferredName":"Ground Glass Opacity","attributes":[{"nciCode":"C113718","semanticType":"fndg","type":"umls.Finding"}],"surfaceForms":[{"text":"ground glass opacities"},{"text":"ground glass opacification"},{"text":"ground-glass opacity"},{"text":"ground-glass opacities"},{"text":"ground-glass opacification"},{"text":"groundglass opacities"}]},{"id":"C0029348","cui":"C0029348","preferredName":"Influenza B virus","attributes":[{"loincId":"MTHU017447,LP182339-4,LP14240-3,LA13543-6","meshId":"M0015476","nciCode":"C53468","rxNormId":"1312376","semanticType":"virs","snomedConceptId":"407480007","type":"umls.Virus"}],"surfaceForms":[{"text":"FluB"}]},{"id":"C4287874","cui":"C4287874","preferredName":"Droplet transmission","attributes":[{"nciCode":"C128352","semanticType":"patf","snomedConceptId":"461551000124100","type":"umls.PathologicFunction"}],"surfaceForms":[{"text":"respiratory droplets"}]},{"id":"C2806453","cui":"C2806453","preferredName":"Betacoronavirus","attributes":[{"meshId":"M000622739","nciCode":"C113207","semanticType":"virs","type":"umls.Virus"}],"surfaceForms":[{"text":"β-coronavirus"},{"text":"sarbecovirus "}]},{"id":"C1444006","cui":"C1444006","preferredName":"Animal to human transmission","attributes":[{"semanticType":"ftcn","snomedConceptId":"409700000","type":"umls.FunctionalConcept"}],"surfaceForms":[{"text":"animal-human transmission"},{"text":"animal-to-human transmission"},{"text":"zoonotic transmission"},{"text":"zoonotic infection"},{"text":"animal-human transmissions"},{"text":"animal-to-human transmissions"},{"text":"zoonotic transmissions"},{"text":"zoonotic infections"},{"text":"animal to human infection"},{"text":"animal to human infections"},{"text":"animal-to-human infection"},{"text":"animal-to-human infections"}]},{"id":"C1319861","cui":"C1319861","preferredName":"Human parainfluenza viruses","attributes":[{"nciCode":"C125641","semanticType":"virs","snomedConceptId":"407498006","type":"umls.Virus"}],"surfaceForms":[{"text":"PIV"}]},{"id":"C0015674","cui":"C0015674","preferredName":"Chronic Fatigue Syndrome","attributes":[{"icd10Code":"G93.3,R53.82","icd9Code":"780.79","meshId":"M0024027","nciCode":"C3037","semanticType":"dsyn","snomedConceptId":"51771007,52702003","type":"umls.DiseaseOrSyndrome"}],"surfaceForms":[{"text":"CFS/ME"}]},{"id":"CRD-00013","cui":"CRD-00013","preferredName":"Human to Human","attributes":[{"type":"TransmissionEntity"}],"surfaceForms":[{"text":"human to human"},{"text":"human-to-human"},{"text":"person to person"},{"text":"person-to-person"},{"text":"humans"},{"text":"people"}]},{"id":"C0324878","cui":"C0324878","preferredName":"Pholidota","attributes":[{"semanticType":"mamm","snomedConceptId":"106948007","type":"umls.Mammal"}],"surfaceForms":[{"text":"pangolin"},{"text":"pangolins"}]},{"id":"C4698071","cui":"C4698071","preferredName":"Human coronavirus OC43","attributes":[{"loincId":"LA19208-0","semanticType":"virs","type":"umls.Virus"}],"surfaceForms":[{"text":"hCoV-OC43"},{"text":"HCoV-OC43"},{"text":"Human coronavirus OC43"}]},{"id":"C0034386","cui":"C0034386","preferredName":"Quarantine","attributes":[{"meshId":"M0018323","nciCode":"C71902","semanticType":"topp","snomedConceptId":"170499009,170497006","type":"umls.TherapeuticOrPreventiveProcedure"}],"surfaceForms":[{"text":"quarantined"},{"text":"isolation"}]},{"id":"C3698360","cui":"C3698360","preferredName":"Middle East Respiratory Syndrome Coronavirus","attributes":[{"loincId":"LP173753-7,LA26151-3","meshId":"M0588347","semanticType":"virs","snomedConceptId":"697932005","type":"umls.Virus"}],"surfaceForms":[{"text":"MERS"}]},{"id":"C1478824","cui":"C1478824","preferredName":"Human coronavirus NL63","attributes":[{"loincId":"LA26149-7,LP35709-2","meshId":"M0545515","semanticType":"virs","snomedConceptId":"417818007","type":"umls.Virus"}],"surfaceForms":[{"text":"hCoV-NL63"},{"text":"HCoV-NL63"}]},{"id":"C0318467","cui":"C0318467","preferredName":"Human rhinovirus","attributes":[{"semanticType":"virs","snomedConceptId":"1838001","type":"umls.Virus"}],"surfaceForms":[{"text":"RV"}]},{"id":"C0042212","cui":"C0042212","preferredName":"Vaccines, Inactivated","attributes":[{"meshId":"M0023305","nciCode":"C29694","semanticType":"phsu","type":"umls.PharmacologicSubstance"}],"surfaceForms":[{"text":"inactivated virus vaccine"}]},{"id":"COVID-19","cui":"COVID-19","preferredName":"2019 Coronavirus","attributes":[{"semanticType":"virs","type":"umls.Virus"}],"surfaceForms":[{"text":"2019 coronavirus"},{"text":"coronavirus disease 2019"},{"text":"SARS-CoV-2"},{"text":"SARS-Cov-2"},{"text":"2019 novel coronavirus"},{"text":"hCoV-19"},{"text":"corona virus disease 2019"},{"text":"wuhan novel coronavirus"},{"text":"wuhan coronavirus"},{"text":"covid-19"},{"text":"covid-2019"},{"text":"coronavirus disease-19"},{"text":"coronavirus 19"},{"text":"covid19"},{"text":"COV-19"},{"text":"COV19"},{"text":"Wuhan pneumonia"},{"text":"new coronavirus pneumonia"},{"text":"SARS-2"},{"text":"2019-nCoV"},{"text":"severe acute respiratory syndrome coronavirus 2"},{"text":"COVID-19-associated"},{"text":"COVID 19"},{"text":"COVID‐19"},{"text":"CoVID-19"},{"text":"CoVid-19"}],"regexes":[{"pattern":"(?i)\\b2019-nCoV\\b"}],"disabled":false},{"id":"CRD-00006","cui":"CRD-00006","preferredName":"Asymptomatic Transmission","attributes":[{"semanticType":"patf","type":"umls.PathologicFunction"}],"surfaceForms":[{"text":"asymptomatic transmission"},{"text":"pre-symptomatic transmission"},{"text":"presymptomatic transmission"},{"text":"asymptomatic virus shedding"},{"text":"pre-symptomatic virus shedding"},{"text":"presymptomatic virus shedding"}]},{"id":"C1017271","cui":"C1017271","preferredName":"Rhizomys pruinosus","attributes":[{"semanticType":"mamm","type":"umls.Mammal"}],"surfaceForms":[{"text":"bamboo rat"},{"text":"bamboo rats"}]},{"id":"CRD-00014","cui":"CRD-00014","preferredName":"Animal to Human","attributes":[{"type":"TransmissionEntity"}],"surfaceForms":[{"text":"animal-to-human"},{"text":"animal to human"},{"text":"animal-human"},{"text":"human-to-animal"},{"text":"human to animal"},{"text":"human-animal"},{"text":"Animal-to-Human"}]},{"id":"C0029347","cui":"C0029347","preferredName":"Influenza A virus","attributes":[{"loincId":"LA11919-0,LP14239-5","meshId":"M0015475","nciCode":"C53454","rxNormId":"1312375","semanticType":"virs","snomedConceptId":"407479009","type":"umls.Virus"}],"surfaceForms":[{"text":"FluA"}]}]}