{"id":"clinical_abbreviations_-_umls_extension_dictionary","name":"Clinical Abbreviations - UMLS Extension Dictionary","layout":"umls","defaultTransforms":{"detectPreferredName":true,"normalizeCase":true,"detectUmlsSemanticType":true},"enableLinkedConcepts":true,"defaultLinkedConcepts":false,"concepts":[{"id":"C0002598","cui":"C0002598","preferredName":"amiodarone","attributes":[{"loincId":"LP16028-0,MTHU004841","meshId":"M0000973","nciCode":"C62002","rxNormId":"703","semanticType":"phsu","snomedConceptId":"372821002,69236009","type":"umls.PharmacologicSubstance"}],"surfaceForms":[{"text":"amiodar"}],"disabled":false},{"id":"C1971624","cui":"C1971624","preferredName":"Loss of appetite (finding)","attributes":[{"icd10Code":"R63.0","loincId":"MTHU013520,LA30523-7","semanticType":"fndg","snomedConceptId":"79890006","type":"umls.Finding"}],"surfaceForms":[{"text":"LOA"},{"attributes":{"gen":"tolower"},"text":"l.o.a."}],"disabled":true,"linkedConcept":true},{"id":"C0231290","cui":"C0231290","preferredName":"Status post","attributes":[{"linked":"true","semanticType":"tmco","snomedConceptId":"237679004,255234002","type":"umls.TemporalConcept"}],"surfaceForms":[{"text":"s/p"},{"attributes":{"linkedFrom":"umls.2021aa"},"text":"status post"},{"attributes":{"linkedFrom":"umls.2021aa"},"text":"after"},{"attributes":{"linkedFrom":"umls.2021aa"},"text":"post of status"},{"attributes":{"linkedFrom":"umls.2021aa"},"text":"post of the status"},{"attributes":{"linkedFrom":"umls.2021aa"},"text":"status posts"},{"attributes":{"linkedFrom":"umls.2021aa"},"text":"posts of status"},{"attributes":{"linkedFrom":"umls.2021aa"},"text":"posts of the status"},{"attributes":{"linkedFrom":"umls.2021aa"},"text":"following"},{"attributes":{"linkedFrom":"umls.2021aa"},"text":"condition following"},{"attributes":{"linkedFrom":"umls.2021aa"},"text":"status post (contextual qualifier)"},{"attributes":{"linkedFrom":"umls.2021aa"},"text":"following of condition"},{"attributes":{"linkedFrom":"umls.2021aa"},"text":"following of the condition"},{"attributes":{"linkedFrom":"umls.2021aa"},"text":"conditions following"}],"disabled":false,"linkedConcept":true},{"id":"C4047502","cui":"C4047502","preferredName":"Patient reported problems","attributes":[{"icd10Code":"Z76.89","icd9Code":"307.9","linked":"true","loincId":"LA9617-7,LP185407-6,MTHU048143","nciCode":"C28020","semanticType":"fndg","snomedConceptId":"447071000124102","type":"umls.Finding"}],"surfaceForms":[{"text":"complains of"},{"text":"complains about"},{"text":"c/o"},{"attributes":{"linkedFrom":"umls.2021aa"},"text":"patient reported problems"},{"attributes":{"linkedFrom":"umls.2021aa"},"text":"patient reported problem"}],"disabled":false,"linkedConcept":true},{"id":"C0017319","cui":"C0017319","preferredName":"General Practitioners","attributes":[{"linked":"true","meshId":"M0016801","semanticType":"prog","snomedConceptId":"62247001,59058001","type":"umls.ProfessionalOrOccupationalGroup"}],"surfaceForms":[{"text":"GP"},{"attributes":{"linkedFrom":"umls.2021aa"},"text":"general practitioners"},{"attributes":{"linkedFrom":"umls.2021aa"},"text":"general practitioner"},{"attributes":{"linkedFrom":"umls.2021aa"},"text":"generalist"},{"attributes":{"linkedFrom":"umls.2021aa"},"text":"general practice physician"},{"attributes":{"linkedFrom":"umls.2021aa"},"text":"general physician"},{"attributes":{"linkedFrom":"umls.2021aa"},"text":"general practitioner (GP)"},{"attributes":{"linkedFrom":"umls.2021aa"},"text":"general practise physician"},{"attributes":{"linkedFrom":"umls.2021aa"},"text":"practitioners of general"},{"attributes":{"linkedFrom":"umls.2021aa"},"text":"practitioners of the general"},{"attributes":{"linkedFrom":"umls.2021aa"},"text":"practitioner of general"},{"attributes":{"linkedFrom":"umls.2021aa"},"text":"practitioner of the general"},{"attributes":{"linkedFrom":"umls.2021aa"},"text":"physician of general"},{"attributes":{"linkedFrom":"umls.2021aa"},"text":"physician of the general"},{"attributes":{"linkedFrom":"umls.2021aa"},"text":"generalists"},{"attributes":{"linkedFrom":"umls.2021aa"},"text":"general practice physicians"},{"attributes":{"linkedFrom":"umls.2021aa"},"text":"general physicians"},{"attributes":{"linkedFrom":"umls.2021aa"},"text":"general practise physicians"},{"attributes":{"linkedFrom":"umls.2021aa"},"text":"physicians of general"},{"attributes":{"linkedFrom":"umls.2021aa"},"text":"physicians of the general"},{"attributes":{"linkedFrom":"umls.2021aa"},"text":"practitioner, general"},{"attributes":{"linkedFrom":"umls.2021aa"},"text":"practitioners, general"},{"attributes":{"linkedFrom":"umls.2021aa"},"text":"physicians, general practice"},{"attributes":{"linkedFrom":"umls.2021aa"},"text":"physicians (general practice)"},{"attributes":{"linkedFrom":"umls.2021aa"},"text":"physician, general practice"},{"attributes":{"linkedFrom":"umls.2021aa"},"text":"practice physicians, general"},{"attributes":{"linkedFrom":"umls.2021aa"},"text":"GP - general practitioner"},{"attributes":{"linkedFrom":"umls.2021aa"},"text":"physicians, general practise"},{"attributes":{"linkedFrom":"umls.2021aa"},"text":"physicians (general practise)"},{"attributes":{"linkedFrom":"umls.2021aa"},"text":"physician, general practise"},{"attributes":{"linkedFrom":"umls.2021aa"},"text":"practise physicians, general"},{"attributes":{"linkedFrom":"umls.2021aa"},"text":"practitioner, generals"},{"attributes":{"linkedFrom":"umls.2021aa"},"text":"practitioners, generals"},{"attributes":{"linkedFrom":"umls.2021aa"},"text":"physicians, general practices"},{"attributes":{"linkedFrom":"umls.2021aa"},"text":"physician, general practices"},{"attributes":{"linkedFrom":"umls.2021aa"},"text":"practice physicians, generals"},{"attributes":{"linkedFrom":"umls.2021aa"},"text":"GP - general practitioners"},{"attributes":{"linkedFrom":"umls.2021aa"},"text":"practise physicians, generals"}],"disabled":false,"linkedConcept":true},{"id":"C0332290","cui":"C0332290","preferredName":"Consistent with","attributes":[{"linked":"true","nciCode":"C85901","semanticType":"idcn","snomedConceptId":"385433004","type":"umls.IdeaOrConcept"}],"surfaceForms":[{"text":"c/w"},{"attributes":{"linkedFrom":"umls.2021aa"},"text":"consistent"},{"attributes":{"linkedFrom":"umls.2021aa"},"text":"compatible with"},{"attributes":{"linkedFrom":"umls.2021aa"},"text":"compatible"},{"attributes":{"linkedFrom":"umls.2021aa"},"text":"cws"},{"attributes":{"linkedFrom":"umls.2021aa"},"text":"consistent with"}],"disabled":false,"linkedConcept":true},{"id":"C0563454","cui":"C0563454","preferredName":"Taking of swab","attributes":[{"linked":"true","semanticType":"diap","snomedConceptId":"285570007","type":"umls.DiagnosticProcedure"}],"surfaceForms":[{"text":"SASH"},{"text":"swab and send home"},{"attributes":{"linkedFrom":"umls.2021aa"},"text":"swob"},{"attributes":{"linkedFrom":"umls.2021aa"},"text":"swobs"},{"attributes":{"linkedFrom":"umls.2021aa"},"text":"taking of swab"},{"attributes":{"linkedFrom":"umls.2021aa"},"text":"swab"},{"attributes":{"linkedFrom":"umls.2021aa"},"text":"taking of swob"},{"attributes":{"linkedFrom":"umls.2021aa"},"text":"takings of swab"},{"attributes":{"linkedFrom":"umls.2021aa"},"text":"swabs"},{"attributes":{"linkedFrom":"umls.2021aa"},"text":"takings of swob"}],"disabled":false,"linkedConcept":true},{"id":"C1704221","cui":"C1704221","preferredName":"Physicians, Family","attributes":[{"linked":"true","meshId":"M0016802","semanticType":"prog","snomedConceptId":"62247001","type":"umls.ProfessionalOrOccupationalGroup"}],"surfaceForms":[{"text":"FP"},{"attributes":{"linkedFrom":"umls.2021aa"},"text":"family physicians"},{"attributes":{"linkedFrom":"umls.2021aa"},"text":"family physician"},{"attributes":{"linkedFrom":"umls.2021aa"},"text":"physicians of family"},{"attributes":{"linkedFrom":"umls.2021aa"},"text":"physicians of the family"},{"attributes":{"linkedFrom":"umls.2021aa"},"text":"physician of family"},{"attributes":{"linkedFrom":"umls.2021aa"},"text":"physician of the family"},{"attributes":{"linkedFrom":"umls.2021aa"},"text":"physicians, family"},{"attributes":{"linkedFrom":"umls.2021aa"},"text":"physician, family"},{"attributes":{"linkedFrom":"umls.2021aa"},"text":"family doctor"},{"attributes":{"linkedFrom":"umls.2021aa"},"text":"family medicine specialist"},{"attributes":{"linkedFrom":"umls.2021aa"},"text":"family doc."},{"attributes":{"linkedFrom":"umls.2021aa"},"text":"family medicine spec"},{"attributes":{"linkedFrom":"umls.2021aa"},"text":"family doc.."},{"attributes":{"linkedFrom":"umls.2021aa"},"text":"family medicine SPE c"},{"attributes":{"linkedFrom":"umls.2021aa"},"text":"family medicine spe-c"},{"attributes":{"linkedFrom":"umls.2021aa"},"text":"doctor of family"},{"attributes":{"linkedFrom":"umls.2021aa"},"text":"doctor of the family"},{"attributes":{"linkedFrom":"umls.2021aa"},"text":"physicians, families"},{"attributes":{"linkedFrom":"umls.2021aa"},"text":"physician, families"},{"attributes":{"linkedFrom":"umls.2021aa"},"text":"family medicine specialists"},{"attributes":{"linkedFrom":"umls.2021aa"},"text":"family medicine specs"}],"disabled":false,"linkedConcept":true}],"extends":"umls.latest"}