{"id":"acd.acd_clinical_insights_v1.0_substance_use_extension_dictionary","name":"Substance Use Extension Dictionary","layout":"umls","defaultTransforms":{"detectPreferredName":true,"normalizeCase":true,"detectUmlsSemanticType":true},"enableLinkedConcepts":true,"defaultLinkedConcepts":false,"concepts":[{"id":"C0025611","cui":"C0025611","preferredName":"methamphetamine","attributes":[{"linked":"true","loincId":"MTHU005018,LP16194-0,LP32102-3,LA15259-7","meshId":"M0013551","nciCode":"C61840","rxNormId":"6816","semanticType":"hops","snomedConceptId":"8692006,387499002","type":"umls.HazardousOrPoisonousSubstance"}],"surfaceForms":[{"text":"crystal meth"},{"text":"crystal methamphetamine"},{"attributes":{"linkedFrom":"umls.2022aa"},"text":"methamphetamine"},{"attributes":{"linkedFrom":"umls.2022aa"},"text":"deoxyephedrine"},{"attributes":{"linkedFrom":"umls.2022aa"},"text":"desoxyephedrine"},{"attributes":{"linkedFrom":"umls.2022aa"},"text":"ice"},{"attributes":{"linkedFrom":"umls.2022aa"},"text":"methylamphetamine"},{"attributes":{"linkedFrom":"umls.2022aa"},"text":"meth"},{"attributes":{"linkedFrom":"umls.2022aa"},"text":"crank"},{"attributes":{"linkedFrom":"umls.2022aa"},"text":"cranks"},{"attributes":{"linkedFrom":"umls.2022aa"},"text":"d-deoxyephedrine"},{"attributes":{"linkedFrom":"umls.2022aa"},"text":"d-phenylisopropylmethylamine"},{"attributes":{"linkedFrom":"umls.2022aa"},"text":"methyl-β-phenylisopropylamine"},{"attributes":{"linkedFrom":"umls.2022aa"},"text":"d-desoxyephedrine"},{"attributes":{"linkedFrom":"umls.2022aa"},"text":"metamfetamine"},{"attributes":{"linkedFrom":"umls.2022aa"},"text":"MAMP"},{"attributes":{"linkedFrom":"umls.2022aa"},"text":"MAPT"},{"attributes":{"linkedFrom":"umls.2022aa"},"text":"meth-β-phenylisopropylamine"},{"attributes":{"linkedFrom":"umls.2022aa"},"text":"METH-containing product"},{"attributes":{"linkedFrom":"umls.2022aa"},"text":"MAMP-containing product"},{"attributes":{"linkedFrom":"umls.2022aa"},"text":"MAPT-containing product"},{"attributes":{"linkedFrom":"umls.2022aa"},"text":"metamphetamine-containing product"},{"attributes":{"linkedFrom":"umls.2022aa"},"text":"metamphetamine"},{"attributes":{"linkedFrom":"umls.2022aa"},"text":"methamphetamines"},{"attributes":{"linkedFrom":"umls.2022aa"},"text":"deoxyephedrines"},{"attributes":{"linkedFrom":"umls.2022aa"},"text":"ices"},{"attributes":{"linkedFrom":"umls.2022aa"},"text":"meths"},{"attributes":{"linkedFrom":"umls.2022aa"},"text":"d-deoxyephedrines"},{"attributes":{"linkedFrom":"umls.2022aa"},"text":"METH-containing products"},{"attributes":{"linkedFrom":"umls.2022aa"},"text":"MAMP-containing products"},{"attributes":{"linkedFrom":"umls.2022aa"},"text":"MAPT-containing products"},{"attributes":{"linkedFrom":"umls.2022aa"},"text":"metamphetamine-containing products"},{"attributes":{"linkedFrom":"umls.2022aa"},"text":"chalk"},{"attributes":{"linkedFrom":"umls.2022aa"},"text":"glass"},{"attributes":{"linkedFrom":"umls.2022aa"},"text":"n-methylamphetamine"},{"attributes":{"linkedFrom":"umls.2022aa"},"text":"n methylamphetamine"},{"attributes":{"linkedFrom":"umls.2022aa"},"text":"speed"},{"attributes":{"linkedFrom":"umls.2022aa"},"text":"benzeneethanamine, n,alpha-dimethyl-, (s)-"},{"attributes":{"linkedFrom":"umls.2022aa"},"text":"(s)-n,α-dimethylbenzeneethanamine"},{"attributes":{"linkedFrom":"umls.2022aa"},"text":"metamfetaminum"},{"attributes":{"linkedFrom":"umls.2022aa"},"text":"metanfetamina"},{"attributes":{"linkedFrom":"umls.2022aa"},"text":"d-n-methylamphetamine"},{"attributes":{"linkedFrom":"umls.2022aa"},"text":"methamphetaminum"},{"attributes":{"linkedFrom":"umls.2022aa"},"text":"(αS)-n,α-dimethylbenzeneethanamine"},{"attributes":{"linkedFrom":"umls.2022aa"},"text":"metamfetamine-containing product"},{"attributes":{"linkedFrom":"umls.2022aa"},"text":"methamphetamine-containing product"},{"attributes":{"linkedFrom":"umls.2022aa"},"text":"tina"},{"attributes":{"linkedFrom":"umls.2022aa"},"text":"métamfétamine"},{"attributes":{"linkedFrom":"umls.2022aa"},"text":"benzeneethanamine, n,alpha-di-ME-, (s)-"},{"attributes":{"linkedFrom":"umls.2022aa"},"text":"benzeneethanamine, n,alpha-di-methyl-, (s)-"},{"attributes":{"linkedFrom":"umls.2022aa"},"text":"benzeneethanamine, n,alpha-dimethyl-, (s.)-"},{"attributes":{"linkedFrom":"umls.2022aa"},"text":"(s.)-n,α-dimethylbenzeneethanamine"},{"attributes":{"linkedFrom":"umls.2022aa"},"text":"benzeneethanamine, n,alpha-di-ME-, (s.)-"},{"attributes":{"linkedFrom":"umls.2022aa"},"text":"chalks"},{"attributes":{"linkedFrom":"umls.2022aa"},"text":"glasses"},{"attributes":{"linkedFrom":"umls.2022aa"},"text":"speeds"},{"attributes":{"linkedFrom":"umls.2022aa"},"text":"metamfetamine-containing products"},{"attributes":{"linkedFrom":"umls.2022aa"},"text":"methamphetamine-containing products"}],"removeSurfaceForms":[{"text":"crystal"},{"text":"crystals"}],"artifactVersion":"2022-04-04T13:51:45Z","disabled":false,"linkedConcept":true,"dictionary":"substance_use_extension_dictionary"},{"id":"C0588202","cui":"C0588202","preferredName":"Drug addiction therapy - methadone","attributes":[{"semanticType":"topp","snomedConceptId":"310653000","type":"umls.TherapeuticOrPreventiveProcedure"}],"surfaceForms":[{"text":"MMTP"}],"artifactVersion":"2022-04-04T13:51:45Z","disabled":false,"dictionary":"substance_use_extension_dictionary"},{"id":"C0086190","cui":"C0086190","preferredName":"Illicit Drugs","attributes":[{"loincId":"MTHU035698,LA28141-2,LP99406-8,LA29718-6,LP34874-5","meshId":"M0020562","semanticType":"hops","type":"umls.HazardousOrPoisonousSubstance"}],"surfaceForms":[{"text":"illicits"},{"text":"illicit"}],"artifactVersion":"2022-04-04T13:51:45Z","disabled":false,"dictionary":"substance_use_extension_dictionary"},{"id":"C0001967","cui":"C0001967","preferredName":"Alcoholic Beverages","attributes":[{"meshId":"M0000658","nciCode":"C45902","semanticType":"food","snomedConceptId":"53527002","type":"umls.Food"}],"surfaceForms":[{"text":"gin"},{"text":"champagne"},{"text":"highball"},{"text":"highballs"},{"text":"bloody marys"},{"text":"cognac"},{"text":"budweiser"},{"text":"guinness"},{"text":"southern comfort"},{"text":"high balls"},{"attributes":{"gen":"tolower"},"text":"jack daniels"},{"attributes":{"gen":"tolower"},"text":"bicardi"},{"text":"cervesa"},{"text":"margarita"},{"text":"margaritas"},{"text":"limoncello"},{"text":"cabernet"},{"text":"chardonnay"},{"text":"sauvignon"},{"text":"merlot"},{"text":"viognier"},{"text":"syrah"},{"text":"chenin blanc"},{"text":"grenache"},{"text":"pinot"},{"text":"chenin"},{"text":"riesling"},{"text":"tempranillo"},{"text":"sangiovese"},{"text":"chianti"},{"text":"prosecco"},{"text":"proseco"},{"text":"montalcino"},{"text":"barbaresco"},{"text":"barberesco"},{"text":"barolo"}],"artifactVersion":"2022-04-04T13:51:45Z","disabled":false,"dictionary":"substance_use_extension_dictionary"},{"id":"C0150543","cui":"C0150543","preferredName":"Detoxification procedure","attributes":[{"loincId":"LA9504-7","semanticType":"topp","snomedConceptId":"67516001","type":"umls.TherapeuticOrPreventiveProcedure"}],"surfaceForms":[{"text":"detoxes"},{"text":"detoxed"}],"artifactVersion":"2022-04-04T13:51:45Z","disabled":false,"dictionary":"substance_use_extension_dictionary"},{"id":"C0019337","cui":"C0019337","preferredName":"Heroin Dependence","attributes":[{"icd10Code":"F11.20,F11.2","linked":"true","meshId":"M0010272","nciCode":"C34694","semanticType":"mobd","snomedConceptId":"231477003","type":"umls.MentalOrBehavioralDysfunction"}],"surfaceForms":[{"text":"heroine dependence"},{"attributes":{"linkedFrom":"umls.2022aa"},"text":"heroin dependence"},{"attributes":{"linkedFrom":"umls.2022aa"},"text":"addiction heroin"},{"attributes":{"linkedFrom":"umls.2022aa"},"text":"heroin addiction"},{"attributes":{"linkedFrom":"umls.2022aa"},"text":"addictions heroin"},{"attributes":{"linkedFrom":"umls.2022aa"},"text":"addiction drug heroin"},{"attributes":{"linkedFrom":"umls.2022aa"},"text":"dependence of heroin"},{"attributes":{"linkedFrom":"umls.2022aa"},"text":"dependence of the heroin"},{"attributes":{"linkedFrom":"umls.2022aa"},"text":"heroin of addiction"},{"attributes":{"linkedFrom":"umls.2022aa"},"text":"heroin of the addiction"},{"attributes":{"linkedFrom":"umls.2022aa"},"text":"addiction of heroin"},{"attributes":{"linkedFrom":"umls.2022aa"},"text":"addiction of the heroin"},{"attributes":{"linkedFrom":"umls.2022aa"},"text":"heroin of addictions"},{"attributes":{"linkedFrom":"umls.2022aa"},"text":"heroin of the addictions"},{"attributes":{"linkedFrom":"umls.2022aa"},"text":"heroin dependance"},{"attributes":{"linkedFrom":"umls.2022aa"},"text":"heroin dependances"},{"attributes":{"linkedFrom":"umls.2022aa"},"text":"heroin dependences"},{"attributes":{"linkedFrom":"umls.2022aa"},"text":"addiction heroins"},{"attributes":{"linkedFrom":"umls.2022aa"},"text":"heroin addictions"},{"attributes":{"linkedFrom":"umls.2022aa"},"text":"addictions heroins"},{"attributes":{"linkedFrom":"umls.2022aa"},"text":"addiction drug heroins"},{"attributes":{"linkedFrom":"umls.2022aa"},"text":"dependance of heroin"},{"attributes":{"linkedFrom":"umls.2022aa"},"text":"dependances of heroin"},{"attributes":{"linkedFrom":"umls.2022aa"},"text":"dependences of heroin"},{"attributes":{"linkedFrom":"umls.2022aa"},"text":"dependance of the heroin"},{"attributes":{"linkedFrom":"umls.2022aa"},"text":"dependances of the heroin"},{"attributes":{"linkedFrom":"umls.2022aa"},"text":"dependences of the heroin"},{"attributes":{"linkedFrom":"umls.2022aa"},"text":"heroins of addiction"},{"attributes":{"linkedFrom":"umls.2022aa"},"text":"heroins of the addiction"},{"attributes":{"linkedFrom":"umls.2022aa"},"text":"addictions of heroin"},{"attributes":{"linkedFrom":"umls.2022aa"},"text":"addictions of the heroin"},{"attributes":{"linkedFrom":"umls.2022aa"},"text":"heroins of addictions"},{"attributes":{"linkedFrom":"umls.2022aa"},"text":"heroins of the addictions"},{"attributes":{"linkedFrom":"umls.2022aa"},"text":"dependence on diamorphine"},{"attributes":{"linkedFrom":"umls.2022aa"},"text":"dependance on diamorphine"},{"attributes":{"linkedFrom":"umls.2022aa"},"text":"dependances on diamorphine"},{"attributes":{"linkedFrom":"umls.2022aa"},"text":"dependences on diamorphine"}],"removeSurfaceForms":[{"text":"dependence, heroin"},{"text":"addiction, heroin"},{"text":"dependence, heroins"},{"text":"addiction, heroins"}],"artifactVersion":"2022-04-04T13:51:45Z","disabled":false,"linkedConcept":true,"dictionary":"substance_use_extension_dictionary"},{"id":"C0024809","cui":"C0024809","preferredName":"Marijuana Abuse","attributes":[{"meshId":"M0003278","semanticType":"mobd","type":"umls.MentalOrBehavioralDysfunction"}],"surfaceForms":[{"text":"dope"},{"text":"reefer"},{"text":"ganja"}],"artifactVersion":"2022-04-04T13:51:45Z","disabled":false,"dictionary":"substance_use_extension_dictionary"},{"id":"C0029944","cui":"C0029944","preferredName":"Drug Overdose","attributes":[{"icd10Code":"T50.9,T50.904?","loincId":"LA17978-0","meshId":"M0568790","nciCode":"C50873","semanticType":"inpo","snomedConceptId":"55680006","type":"umls.InjuryOrPoisoning"}],"surfaceForms":[{"text":"overdosed"},{"text":"overdosing"}],"artifactVersion":"2022-04-04T13:51:45Z","disabled":false,"dictionary":"substance_use_extension_dictionary"},{"id":"C3266136","cui":"C3266136","preferredName":"Smokes tobacco daily","attributes":[{"icd10Code":"Z72.0","linked":"true","loincId":"LA26104-2,LA18976-3,LA15918-8","nciCode":"C67145","semanticType":"fndg","snomedConceptId":"449868002","type":"umls.Finding"}],"surfaceForms":[{"text":"smokes tobacco daily"},{"attributes":{"linkedFrom":"umls.2022aa"},"text":"daily tobacco smoker"},{"attributes":{"linkedFrom":"umls.2022aa"},"text":"daily smoker"},{"attributes":{"linkedFrom":"umls.2022aa"},"text":"every-day smoker"},{"attributes":{"linkedFrom":"umls.2022aa"},"text":"every day smoker"},{"attributes":{"linkedFrom":"umls.2022aa"},"text":"current every day smoker"},{"attributes":{"linkedFrom":"umls.2022aa"},"text":"smoker of daily"},{"attributes":{"linkedFrom":"umls.2022aa"},"text":"smoker of the daily"},{"attributes":{"linkedFrom":"umls.2022aa"},"text":"smokes tobacco dailies"},{"attributes":{"linkedFrom":"umls.2022aa"},"text":"daily tobacco smokers"},{"attributes":{"linkedFrom":"umls.2022aa"},"text":"daily smokers"},{"attributes":{"linkedFrom":"umls.2022aa"},"text":"every-day smokers"},{"attributes":{"linkedFrom":"umls.2022aa"},"text":"every day smokers"},{"attributes":{"linkedFrom":"umls.2022aa"},"text":"current every day smokers"},{"attributes":{"linkedFrom":"umls.2022aa"},"text":"smokers of daily"},{"attributes":{"linkedFrom":"umls.2022aa"},"text":"smokers of the daily"}],"removeSurfaceForms":[{"text":"every day"},{"text":"every days"}],"artifactVersion":"2022-04-04T13:51:45Z","disabled":false,"linkedConcept":true,"dictionary":"substance_use_extension_dictionary"},{"id":"C0700178","cui":"C0700178","preferredName":"Alcoholic blackout","attributes":[{"linked":"true","semanticType":"mobd","type":"umls.MentalOrBehavioralDysfunction"}],"surfaceForms":[{"text":"alcoholic blackout"},{"attributes":{"linkedFrom":"umls.2022aa"},"text":"blackout alcoholic"},{"attributes":{"linkedFrom":"umls.2022aa"},"text":"alcoholic blackouts"},{"attributes":{"linkedFrom":"umls.2022aa"},"text":"black-out alcoholic"},{"attributes":{"linkedFrom":"umls.2022aa"},"text":"alcoholic black-out"},{"attributes":{"linkedFrom":"umls.2022aa"},"text":"alcoholic of blackout"},{"attributes":{"linkedFrom":"umls.2022aa"},"text":"alcoholic of the blackout"},{"attributes":{"linkedFrom":"umls.2022aa"},"text":"blackout of alcoholic"},{"attributes":{"linkedFrom":"umls.2022aa"},"text":"blackout of the alcoholic"},{"attributes":{"linkedFrom":"umls.2022aa"},"text":"blackouts of alcoholic"},{"attributes":{"linkedFrom":"umls.2022aa"},"text":"blackouts of the alcoholic"},{"attributes":{"linkedFrom":"umls.2022aa"},"text":"blackout alcoholics"},{"attributes":{"linkedFrom":"umls.2022aa"},"text":"alcoholics of blackout"},{"attributes":{"linkedFrom":"umls.2022aa"},"text":"alcoholics of the blackout"}],"removeSurfaceForms":[{"text":"blackout"},{"text":"blackouts"},{"text":"black-out"}],"artifactVersion":"2022-04-04T13:51:45Z","disabled":false,"linkedConcept":true,"dictionary":"substance_use_extension_dictionary"},{"id":"C0699778","cui":"C0699778","preferredName":"intravenous drug use","attributes":[{"semanticType":"inbe","type":"umls.IndividualBehavior"}],"surfaceForms":[{"text":"IV drug use"},{"text":"IV drug uses"},{"text":"intravenous (IV) drug use"},{"text":"intravenous drug user"},{"text":"intravenous (IV) drug user"},{"text":"IV drug user"}],"artifactVersion":"2022-04-04T13:51:45Z","disabled":false,"dictionary":"substance_use_extension_dictionary"},{"id":"C0457801","cui":"C0457801","preferredName":"Current non-drinker of alcohol","attributes":[{"linked":"true","nciCode":"C126379","semanticType":"fndg","snomedConceptId":"105542008","type":"umls.Finding"}],"surfaceForms":[{"text":"non-drinker"},{"attributes":{"linkedFrom":"umls.2022aa"},"text":"non drinker"},{"attributes":{"linkedFrom":"umls.2022aa"},"text":"teetotaller"},{"attributes":{"linkedFrom":"umls.2022aa"},"text":"non drinkers"},{"attributes":{"linkedFrom":"umls.2022aa"},"text":"teetotaler"},{"attributes":{"linkedFrom":"umls.2022aa"},"text":"teetotalers"},{"attributes":{"linkedFrom":"umls.2022aa"},"text":"teetotallers"},{"attributes":{"linkedFrom":"umls.2022aa"},"text":"non-drinkers"},{"attributes":{"linkedFrom":"umls.2022aa"},"text":"current non-drinker of alcohol"},{"attributes":{"linkedFrom":"umls.2022aa"},"text":"does not drink alcohol"},{"attributes":{"linkedFrom":"umls.2022aa"},"text":"non - drinker alcohol"},{"attributes":{"linkedFrom":"umls.2022aa"},"text":"non - drinker"},{"attributes":{"linkedFrom":"umls.2022aa"},"text":"never drinks"},{"attributes":{"linkedFrom":"umls.2022aa"},"text":"nondrinker"},{"attributes":{"linkedFrom":"umls.2022aa"},"text":"current non-drinkers of alcohol"},{"attributes":{"linkedFrom":"umls.2022aa"},"text":"does not drink alcohols"},{"attributes":{"linkedFrom":"umls.2022aa"},"text":"non - drinker alcohols"},{"attributes":{"linkedFrom":"umls.2022aa"},"text":"non - drinkers"},{"attributes":{"linkedFrom":"umls.2022aa"},"text":"never drink"}],"removeSurfaceForms":[{"text":"abstinent"},{"text":"alcohol does drinking"},{"text":"abstainer"},{"text":"abstainers"}],"artifactVersion":"2022-04-04T13:51:45Z","disabled":false,"linkedConcept":true,"dictionary":"substance_use_extension_dictionary"},{"id":"C4316881","cui":"C4316881","preferredName":"Prescription Drug Abuse","attributes":[{"meshId":"M000632126","semanticType":"fndg","type":"umls.Finding"}],"surfaceForms":[{"text":"prescription medication abuse"}],"artifactVersion":"2022-04-04T13:51:45Z","disabled":false,"dictionary":"substance_use_extension_dictionary"},{"id":"C0236663","cui":"C0236663","preferredName":"Alcohol withdrawal syndrome","attributes":[{"icd10Code":"R56.9,F10.232,F10.239,F10.4,F10.3,F10.231,F10.230,F10.5","loincId":"LA28201-4","semanticType":"dsyn","snomedConceptId":"191480000","type":"umls.DiseaseOrSyndrome"}],"surfaceForms":[{"text":"alcohol withdraw"},{"text":"etoh withdraw"}],"artifactVersion":"2022-04-04T13:51:45Z","disabled":false,"dictionary":"substance_use_extension_dictionary"},{"id":"C0034991","cui":"C0034991","preferredName":"Rehabilitation therapy","attributes":[{"loincId":"LP32920-8,LA7200-4","meshId":"M0018729","nciCode":"C15315","semanticType":"topp","snomedConceptId":"52052004","type":"umls.TherapeuticOrPreventiveProcedure"}],"surfaceForms":[{"text":"rehabilitated"}],"artifactVersion":"2022-04-04T13:51:45Z","disabled":false,"dictionary":"substance_use_extension_dictionary"},{"id":"C1552533","cui":"C1552533","preferredName":"Methadone Clinic/Center","attributes":[{"semanticType":"hcro","type":"umls.HealthCareRelatedOrganization"}],"surfaceForms":[{"text":"methadone clinic"},{"text":"methadone program"}],"artifactVersion":"2022-04-04T13:51:45Z","disabled":false,"dictionary":"substance_use_extension_dictionary"},{"id":"C0037390","cui":"C0037390","preferredName":"Snuff Tobacco","attributes":[{"linked":"true","nciCode":"C63733","semanticType":"hops","snomedConceptId":"39789004","type":"umls.HazardousOrPoisonousSubstance"}],"surfaceForms":[{"text":"dips tobacco"},{"text":"dips smokeless tobacco"},{"text":"dip tobacco"},{"text":"dips (smokeless) tobacco"},{"attributes":{"linkedFrom":"umls.2022aa"},"text":"snuff"},{"attributes":{"linkedFrom":"umls.2022aa"},"text":"snuffs"},{"attributes":{"linkedFrom":"umls.2022aa"},"text":"snuff tobacco"},{"attributes":{"linkedFrom":"umls.2022aa"},"text":"tobacco of snuff"},{"attributes":{"linkedFrom":"umls.2022aa"},"text":"tobacco of the snuff"},{"attributes":{"linkedFrom":"umls.2022aa"},"text":"snuff tobaccos"},{"attributes":{"linkedFrom":"umls.2022aa"},"text":"tobaccos of snuff"},{"attributes":{"linkedFrom":"umls.2022aa"},"text":"tobaccos of the snuff"}],"removeSurfaceForms":[{"text":"dip"},{"text":"dips"}],"artifactVersion":"2022-04-04T13:51:45Z","disabled":false,"linkedConcept":true,"dictionary":"substance_use_extension_dictionary"},{"id":"C0024808","cui":"C0024808","preferredName":"Marihuana","attributes":[{"nciCode":"C26659","semanticType":"orch","snomedConceptId":"398705004","type":"umls.OrganicChemical"}],"surfaceForms":[{"text":"MJ"}],"artifactVersion":"2022-04-04T13:51:45Z","disabled":false,"dictionary":"substance_use_extension_dictionary"},{"id":"C0012383","cui":"C0012383","preferredName":"dimercaprol","attributes":[{"linked":"true","loincId":"MTHU019664,LP36498-1","meshId":"M0006441","nciCode":"C47494","rxNormId":"3445","semanticType":"orch","snomedConceptId":"387077001,13664004","type":"umls.OrganicChemical"}],"surfaceForms":[{"text":"dimercaprol"},{"attributes":{"linkedFrom":"umls.2022aa"},"text":"british anti lewisite"},{"attributes":{"linkedFrom":"umls.2022aa"},"text":"british anti-lewisite"},{"attributes":{"linkedFrom":"umls.2022aa"},"text":"α,β-dithioglycerol"},{"attributes":{"linkedFrom":"umls.2022aa"},"text":"broncho-alveolar lavage"},{"attributes":{"linkedFrom":"umls.2022aa"},"text":"broncho-alveolar lavages"},{"attributes":{"linkedFrom":"umls.2022aa"},"text":"anti-lewisite, british"},{"attributes":{"linkedFrom":"umls.2022aa"},"text":"british anti-lewisite agent"},{"attributes":{"linkedFrom":"umls.2022aa"},"text":"british anti lewisite agent"},{"attributes":{"linkedFrom":"umls.2022aa"},"text":"anti-lewisite agent, british"},{"attributes":{"linkedFrom":"umls.2022aa"},"text":"bronchoalveolar lavage"},{"attributes":{"linkedFrom":"umls.2022aa"},"text":"british anti-lewisite (BAL)"},{"attributes":{"linkedFrom":"umls.2022aa"},"text":"dimercaptopropanol"},{"attributes":{"linkedFrom":"umls.2022aa"},"text":"dithioglycerol"},{"attributes":{"linkedFrom":"umls.2022aa"},"text":"british antilewisite"},{"attributes":{"linkedFrom":"umls.2022aa"},"text":"dimercaprolum"},{"attributes":{"linkedFrom":"umls.2022aa"},"text":"dithioglycerine"},{"attributes":{"linkedFrom":"umls.2022aa"},"text":"sulfactin"},{"attributes":{"linkedFrom":"umls.2022aa"},"text":"dimercaprol-containing product"},{"attributes":{"linkedFrom":"umls.2022aa"},"text":"lavage of bronchoalveolar"},{"attributes":{"linkedFrom":"umls.2022aa"},"text":"lavage of the bronchoalveolar"},{"attributes":{"linkedFrom":"umls.2022aa"},"text":"antilewisite of british"},{"attributes":{"linkedFrom":"umls.2022aa"},"text":"antilewisite of the british"},{"attributes":{"linkedFrom":"umls.2022aa"},"text":"british anti-lewisite agents"},{"attributes":{"linkedFrom":"umls.2022aa"},"text":"british anti lewisite agents"},{"attributes":{"linkedFrom":"umls.2022aa"},"text":"bronchoalveolar lavages"},{"attributes":{"linkedFrom":"umls.2022aa"},"text":"dimercaprol-containing products"},{"attributes":{"linkedFrom":"umls.2022aa"},"text":"lavages of bronchoalveolar"},{"attributes":{"linkedFrom":"umls.2022aa"},"text":"lavages of the bronchoalveolar"}],"removeSurfaceForms":[{"text":"bal"}],"artifactVersion":"2022-04-04T13:51:45Z","disabled":false,"linkedConcept":true,"dictionary":"substance_use_extension_dictionary"},{"id":"C0600241","cui":"C0600241","preferredName":"heroin abuse","attributes":[{"linked":"true","meshId":"M000643119","semanticType":"mobd","type":"umls.MentalOrBehavioralDysfunction"}],"surfaceForms":[{"text":"heroine abuse"},{"attributes":{"linkedFrom":"umls.2022aa"},"text":"heroin abuse"},{"attributes":{"linkedFrom":"umls.2022aa"},"text":"abuse heroin"},{"attributes":{"linkedFrom":"umls.2022aa"},"text":"abuse of heroin"},{"attributes":{"linkedFrom":"umls.2022aa"},"text":"abuse of the heroin"},{"attributes":{"linkedFrom":"umls.2022aa"},"text":"heroin of abuse"},{"attributes":{"linkedFrom":"umls.2022aa"},"text":"heroin of the abuse"},{"attributes":{"linkedFrom":"umls.2022aa"},"text":"heroin abuses"},{"attributes":{"linkedFrom":"umls.2022aa"},"text":"abuse heroins"},{"attributes":{"linkedFrom":"umls.2022aa"},"text":"abuses of heroin"},{"attributes":{"linkedFrom":"umls.2022aa"},"text":"abuses of the heroin"},{"attributes":{"linkedFrom":"umls.2022aa"},"text":"heroins of abuse"},{"attributes":{"linkedFrom":"umls.2022aa"},"text":"heroins of the abuse"},{"attributes":{"linkedFrom":"umls.2022aa"},"text":"diamorphine abuse"},{"attributes":{"linkedFrom":"umls.2022aa"},"text":"abuse of diamorphine"},{"attributes":{"linkedFrom":"umls.2022aa"},"text":"abuse of the diamorphine"},{"attributes":{"linkedFrom":"umls.2022aa"},"text":"diamorphine abuses"},{"attributes":{"linkedFrom":"umls.2022aa"},"text":"abuses of diamorphine"},{"attributes":{"linkedFrom":"umls.2022aa"},"text":"abuses of the diamorphine"}],"removeSurfaceForms":[{"text":"abuse, heroin"},{"text":"abuse, heroins"}],"artifactVersion":"2022-04-04T13:51:45Z","disabled":false,"linkedConcept":true,"dictionary":"substance_use_extension_dictionary"},{"id":"C0011892","cui":"C0011892","preferredName":"heroin","attributes":[{"loincId":"LA15258-9,MTHU003319,LP16107-2","meshId":"M0006166","nciCode":"C424","rxNormId":"3304","semanticType":"hops","snomedConceptId":"387341002,60881009","type":"umls.HazardousOrPoisonousSubstance"}],"surfaceForms":[{"text":"heroine"}],"artifactVersion":"2022-04-04T13:51:45Z","disabled":false,"dictionary":"substance_use_extension_dictionary"},{"id":"C0001948","cui":"C0001948","preferredName":"Alcohol consumption","attributes":[{"loincId":"MTHU047472,LP173580-4","meshId":"M0000650","nciCode":"C16273","semanticType":"inbe","snomedConceptId":"160573003","type":"umls.IndividualBehavior"}],"surfaceForms":[{"text":"does drink alcohol"}],"artifactVersion":"2022-04-04T13:51:45Z","disabled":false,"dictionary":"substance_use_extension_dictionary"},{"id":"C1874596","cui":"C1874596","preferredName":"Boost Nutrition Supplement","attributes":[{"nciCode":"C74452","semanticType":"food","type":"umls.Food"}],"surfaceForms":[{"text":"boost drink"},{"text":"boost drinks"}],"artifactVersion":"2022-04-04T13:51:45Z","disabled":false,"dictionary":"substance_use_extension_dictionary"},{"id":"C0281875","cui":"C0281875","preferredName":"Illicit medication use","attributes":[{"icd10Code":"F14.90,Z76.89,Z72.2,F19.90","icd9Code":"305.90","semanticType":"mobd","snomedConceptId":"307052004","type":"umls.MentalOrBehavioralDysfunction"}],"surfaceForms":[{"text":"illegal substance use"},{"text":"illegal medication use"},{"text":"illicit drug abuse"}],"artifactVersion":"2022-04-04T13:51:45Z","disabled":false,"dictionary":"substance_use_extension_dictionary"},{"id":"C0085762","cui":"C0085762","preferredName":"Alcohol abuse","attributes":[{"icd10Code":"F10.10,F10.11,F10.1","linked":"true","loincId":"MTHU019366,LP36309-0","meshId":"M0000662","nciCode":"C20701","semanticType":"mobd","snomedConceptId":"15167005","type":"umls.MentalOrBehavioralDysfunction"}],"surfaceForms":[{"text":"alcohol abuse"},{"attributes":{"linkedFrom":"umls.2022aa"},"text":"alcohol abuses"},{"attributes":{"linkedFrom":"umls.2022aa"},"text":"ethanol abuse"},{"attributes":{"linkedFrom":"umls.2022aa"},"text":"dysfunctional alcohol use"},{"attributes":{"linkedFrom":"umls.2022aa"},"text":"drinking problem"},{"attributes":{"linkedFrom":"umls.2022aa"},"text":"drinking problems"},{"attributes":{"linkedFrom":"umls.2022aa"},"text":"problem drinking"},{"attributes":{"linkedFrom":"umls.2022aa"},"text":"alcohol abuse disorder"},{"attributes":{"linkedFrom":"umls.2022aa"},"text":"ETOH abuse"},{"attributes":{"linkedFrom":"umls.2022aa"},"text":"EtOH abuse"},{"attributes":{"linkedFrom":"umls.2022aa"},"text":"drinking prob."},{"attributes":{"linkedFrom":"umls.2022aa"},"text":"drinking prob"},{"attributes":{"linkedFrom":"umls.2022aa"},"text":"prob. drinking"},{"attributes":{"linkedFrom":"umls.2022aa"},"text":"prob drinking"},{"attributes":{"linkedFrom":"umls.2022aa"},"text":"abuse of alcohol"},{"attributes":{"linkedFrom":"umls.2022aa"},"text":"abuse of the alcohol"},{"attributes":{"linkedFrom":"umls.2022aa"},"text":"abuses of alcohol"},{"attributes":{"linkedFrom":"umls.2022aa"},"text":"abuses of the alcohol"},{"attributes":{"linkedFrom":"umls.2022aa"},"text":"abuse of ethanol"},{"attributes":{"linkedFrom":"umls.2022aa"},"text":"abuse of the ethanol"},{"attributes":{"linkedFrom":"umls.2022aa"},"text":"problem of drinking"},{"attributes":{"linkedFrom":"umls.2022aa"},"text":"problem of the drinking"},{"attributes":{"linkedFrom":"umls.2022aa"},"text":"problems of drinking"},{"attributes":{"linkedFrom":"umls.2022aa"},"text":"problems of the drinking"},{"attributes":{"linkedFrom":"umls.2022aa"},"text":"drinking of problem"},{"attributes":{"linkedFrom":"umls.2022aa"},"text":"drinking of the problem"},{"attributes":{"linkedFrom":"umls.2022aa"},"text":"ethanol abuses"},{"attributes":{"linkedFrom":"umls.2022aa"},"text":"dysfunctional alcohol uses"},{"attributes":{"linkedFrom":"umls.2022aa"},"text":"alcohol abuse disorders"},{"attributes":{"linkedFrom":"umls.2022aa"},"text":"ETOH abuses"},{"attributes":{"linkedFrom":"umls.2022aa"},"text":"EtOH abuses"},{"attributes":{"linkedFrom":"umls.2022aa"},"text":"abuses of ethanol"},{"attributes":{"linkedFrom":"umls.2022aa"},"text":"abuses of the ethanol"},{"attributes":{"linkedFrom":"umls.2022aa"},"text":"alcohol abuse, unspecified drinking behavior"},{"attributes":{"linkedFrom":"umls.2022aa"},"text":"AA - alcohol abuse"},{"attributes":{"linkedFrom":"umls.2022aa"},"text":"abuse, ethanol"},{"attributes":{"linkedFrom":"umls.2022aa"},"text":"et-OH abuse"},{"attributes":{"linkedFrom":"umls.2022aa"},"text":"abuse, ETOH"},{"attributes":{"linkedFrom":"umls.2022aa"},"text":"abuse, EtOH"},{"attributes":{"linkedFrom":"umls.2022aa"},"text":"abuse, et-OH"},{"attributes":{"linkedFrom":"umls.2022aa"},"text":"alcohol abuse, unspecified drinking behaviour"},{"attributes":{"linkedFrom":"umls.2022aa"},"text":"et-o.h. abuse"},{"attributes":{"linkedFrom":"umls.2022aa"},"text":"abuse, et-o.h."},{"attributes":{"linkedFrom":"umls.2022aa"},"text":"alcohol abuse, unspecified drinking behaviors"},{"attributes":{"linkedFrom":"umls.2022aa"},"text":"alcohol abuse, unspecified drinking behaviours"},{"attributes":{"linkedFrom":"umls.2022aa"},"text":"AA - alcohol abuses"},{"attributes":{"linkedFrom":"umls.2022aa"},"text":"et-OH abuses"},{"attributes":{"linkedFrom":"umls.2022aa"},"text":"et-o.h. abuses"}],"removeSurfaceForms":[{"text":"abuse, alcohol"},{"text":"abuse, alcohols"}],"artifactVersion":"2022-04-04T13:51:45Z","disabled":false,"linkedConcept":true,"dictionary":"substance_use_extension_dictionary"},{"id":"SUB-00001","cui":"SUB-00001","preferredName":"Synthetic Cathinones","attributes":[{"semanticType":"hops","type":"umls.HazardousOrPoisonousSubstance"}],"surfaceForms":[{"text":"synthetic cathinones"},{"text":"bath salts"}],"artifactVersion":"2022-04-04T13:51:45Z","disabled":false,"dictionary":"substance_use_extension_dictionary"},{"id":"C1880200","cui":"C1880200","preferredName":"Current Some Day Smoker","attributes":[{"icd10Code":"Z72.0","linked":"true","loincId":"LA26103-4,LA15919-6,LA18977-1","nciCode":"C67146","semanticType":"fndg","snomedConceptId":"428041000124106","type":"umls.Finding"}],"surfaceForms":[{"text":"current some day smoker"},{"attributes":{"linkedFrom":"umls.2022aa"},"text":"occasional tobacco smoker"},{"attributes":{"linkedFrom":"umls.2022aa"},"text":"occasional smoker"},{"attributes":{"linkedFrom":"umls.2022aa"},"text":"some-day smoker"},{"attributes":{"linkedFrom":"umls.2022aa"},"text":"some day smoker"},{"attributes":{"linkedFrom":"umls.2022aa"},"text":"non-daily smoker"},{"attributes":{"linkedFrom":"umls.2022aa"},"text":"current some day smokers"},{"attributes":{"linkedFrom":"umls.2022aa"},"text":"occasional tobacco smokers"},{"attributes":{"linkedFrom":"umls.2022aa"},"text":"occasional smokers"},{"attributes":{"linkedFrom":"umls.2022aa"},"text":"some-day smokers"},{"attributes":{"linkedFrom":"umls.2022aa"},"text":"some day smokers"},{"attributes":{"linkedFrom":"umls.2022aa"},"text":"non-daily smokers"}],"removeSurfaceForms":[{"text":"some days"},{"text":"chipper"},{"text":"some day"},{"text":"chippers"}],"artifactVersion":"2022-04-04T13:51:45Z","disabled":false,"linkedConcept":true,"dictionary":"substance_use_extension_dictionary"},{"id":"C0115471","cui":"C0115471","preferredName":"Midomafetamine","attributes":[{"loincId":"MTHU004797,LP18612-9,LA28632-0,LA28418-4","meshId":"M0028171","nciCode":"C61081","semanticType":"hops","snomedConceptId":"288459003","type":"umls.HazardousOrPoisonousSubstance"}],"surfaceForms":[{"text":"molly"}],"artifactVersion":"2022-04-04T13:51:45Z","disabled":false,"dictionary":"substance_use_extension_dictionary"},{"id":"C0304227","cui":"C0304227","preferredName":"Prescription Drugs","attributes":[{"loincId":"LA29719-4","meshId":"M0518523","semanticType":"phsu","type":"umls.PharmacologicSubstance"}],"surfaceForms":[{"text":"prescription medication"},{"text":"prescription medications"}],"artifactVersion":"2022-04-04T13:51:45Z","disabled":false,"dictionary":"substance_use_extension_dictionary"},{"id":"C0237443","cui":"C0237443","preferredName":"Drug Abstinence","attributes":[{"semanticType":"inbe","type":"umls.IndividualBehavior"}],"surfaceForms":[{"text":"drug free"},{"text":"drug-free"}],"artifactVersion":"2022-04-04T13:51:45Z","disabled":false,"dictionary":"substance_use_extension_dictionary"},{"id":"C0282274","cui":"C0282274","preferredName":"oxycodone hydrochloride","attributes":[{"meshId":"M0329901","nciCode":"C48010","rxNormId":"82063","semanticType":"phsu","snomedConceptId":"387024006","type":"umls.PharmacologicSubstance"}],"surfaceForms":[{"text":"OxyContin"}],"artifactVersion":"2022-04-04T13:51:45Z","disabled":false,"dictionary":"substance_use_extension_dictionary"},{"id":"C4048284","cui":"C4048284","preferredName":"Benzodiazepine","attributes":[{"loincId":"LA28624-7","meshId":"M0581836","semanticType":"phsu","snomedConceptId":"372664007,16047007","type":"umls.PharmacologicSubstance"}],"surfaceForms":[{"text":"benzos"},{"text":"benzo"},{"text":"BZ"}],"artifactVersion":"2022-04-04T13:51:45Z","disabled":false,"dictionary":"substance_use_extension_dictionary"},{"id":"C0600427","cui":"C0600427","preferredName":"Cocaine Dependence","attributes":[{"icd10Code":"F14.21,F14.2,F14.20","linked":"true","meshId":"M0029668","nciCode":"C34492","semanticType":"mobd","snomedConceptId":"31956009","type":"umls.MentalOrBehavioralDysfunction"}],"surfaceForms":[{"text":"cocaine dependence"},{"attributes":{"linkedFrom":"umls.2022aa"},"text":"dependence cocaine"},{"attributes":{"linkedFrom":"umls.2022aa"},"text":"addiction cocaine"},{"attributes":{"linkedFrom":"umls.2022aa"},"text":"cocaine addiction"},{"attributes":{"linkedFrom":"umls.2022aa"},"text":"cocaine of dependence"},{"attributes":{"linkedFrom":"umls.2022aa"},"text":"cocaine of the dependence"},{"attributes":{"linkedFrom":"umls.2022aa"},"text":"dependence of cocaine"},{"attributes":{"linkedFrom":"umls.2022aa"},"text":"dependence of the cocaine"},{"attributes":{"linkedFrom":"umls.2022aa"},"text":"cocaine of addiction"},{"attributes":{"linkedFrom":"umls.2022aa"},"text":"cocaine of the addiction"},{"attributes":{"linkedFrom":"umls.2022aa"},"text":"addiction of cocaine"},{"attributes":{"linkedFrom":"umls.2022aa"},"text":"addiction of the cocaine"},{"attributes":{"linkedFrom":"umls.2022aa"},"text":"dependence cocain"},{"attributes":{"linkedFrom":"umls.2022aa"},"text":"cocaine dependance"},{"attributes":{"linkedFrom":"umls.2022aa"},"text":"cocaine dependances"},{"attributes":{"linkedFrom":"umls.2022aa"},"text":"cocaine dependences"},{"attributes":{"linkedFrom":"umls.2022aa"},"text":"addiction cocain"},{"attributes":{"linkedFrom":"umls.2022aa"},"text":"cocaine addictions"},{"attributes":{"linkedFrom":"umls.2022aa"},"text":"cocain of dependence"},{"attributes":{"linkedFrom":"umls.2022aa"},"text":"cocain of the dependence"},{"attributes":{"linkedFrom":"umls.2022aa"},"text":"dependance of cocaine"},{"attributes":{"linkedFrom":"umls.2022aa"},"text":"dependances of cocaine"},{"attributes":{"linkedFrom":"umls.2022aa"},"text":"dependences of cocaine"},{"attributes":{"linkedFrom":"umls.2022aa"},"text":"dependance of the cocaine"},{"attributes":{"linkedFrom":"umls.2022aa"},"text":"dependances of the cocaine"},{"attributes":{"linkedFrom":"umls.2022aa"},"text":"dependences of the cocaine"},{"attributes":{"linkedFrom":"umls.2022aa"},"text":"cocain of addiction"},{"attributes":{"linkedFrom":"umls.2022aa"},"text":"cocain of the addiction"},{"attributes":{"linkedFrom":"umls.2022aa"},"text":"addictions of cocaine"},{"attributes":{"linkedFrom":"umls.2022aa"},"text":"addictions of the cocaine"},{"attributes":{"linkedFrom":"umls.2022aa"},"text":"cocaine dependence, unspecified uses"}],"removeSurfaceForms":[{"text":"dependences, cocaine"},{"text":"dependence, cocaine"},{"text":"cocaine dependence, unspecified use"},{"text":"addiction, cocaine"},{"text":"dependences, cocain"},{"text":"dependence, cocain"},{"text":"addiction, cocain"}],"artifactVersion":"2022-04-04T13:51:45Z","disabled":false,"linkedConcept":true,"dictionary":"substance_use_extension_dictionary"},{"id":"C2697662","cui":"C2697662","preferredName":"Illicit Substance","attributes":[{"nciCode":"C79097","semanticType":"chvf","type":"umls.ChemicalViewedFunctionally"}],"surfaceForms":[{"text":"illegal substance"},{"text":"illegal substances"}],"artifactVersion":"2022-04-04T13:51:45Z","disabled":false,"dictionary":"substance_use_extension_dictionary"},{"id":"C0683092","cui":"C0683092","preferredName":"intravenous drug","attributes":[{"semanticType":"phsu","type":"umls.PharmacologicSubstance"}],"surfaceForms":[{"text":"IV drug"},{"text":"IV drugs"},{"text":"intravenous (IV) drug"}],"artifactVersion":"2022-04-04T13:51:45Z","disabled":false,"dictionary":"substance_use_extension_dictionary"},{"id":"C0086181","cui":"C0086181","preferredName":"Intravenous Drug Abuse","attributes":[{"meshId":"M0024230","semanticType":"mobd","type":"umls.MentalOrBehavioralDysfunction"}],"surfaceForms":[{"text":"IV drug abuse"},{"text":"IV drug abuses"},{"text":"IV abuse"},{"text":"intravenous abuse"},{"text":"intra-venous abuse"},{"text":"intravenous drug addict"},{"text":"intra-venous drug addict"}],"artifactVersion":"2022-04-04T13:51:45Z","disabled":false,"dictionary":"substance_use_extension_dictionary"},{"id":"C4018909","cui":"C4018909","preferredName":"Overdose","attributes":[{"loincId":"LA20277-2","semanticType":"fndg","type":"umls.Finding"}],"surfaceForms":[{"text":"OD"}],"artifactVersion":"2022-04-04T13:51:45Z","disabled":false,"dictionary":"substance_use_extension_dictionary"},{"id":"C0348016","cui":"C0348016","preferredName":"Intravenous","attributes":[{"loincId":"LA9437-0","nciCode":"C13346","semanticType":"spco","snomedConceptId":"255560000","type":"umls.SpatialConcept"}],"surfaceForms":[{"text":"IV"}],"artifactVersion":"2022-04-04T13:51:45Z","disabled":false,"dictionary":"substance_use_extension_dictionary"},{"id":"C1144854","cui":"C1144854","preferredName":"Substance abuse program","attributes":[{"semanticType":"topp","type":"umls.TherapeuticOrPreventiveProcedure"}],"surfaceForms":[{"text":"substance abuse treatment"},{"text":"substance abuse treatment program"},{"text":"substance abuse tx"},{"text":"substance abuse tx program"},{"text":"drug abuse treatment"},{"text":"drug abuse treatment program"},{"text":"drug abuse program"}],"artifactVersion":"2022-04-04T13:51:45Z","disabled":false,"dictionary":"substance_use_extension_dictionary"},{"id":"C0038587","cui":"C0038587","preferredName":"Substance Withdrawal Syndrome","attributes":[{"meshId":"M0020676","nciCode":"C35046","semanticType":"mobd","type":"umls.MentalOrBehavioralDysfunction"}],"surfaceForms":[{"text":"substance withdrawal"},{"text":"substance withdrawals"}],"artifactVersion":"2022-04-04T13:51:45Z","disabled":false,"dictionary":"substance_use_extension_dictionary"},{"id":"C0032606","cui":"C0032606","preferredName":"Polysubstance dependence","attributes":[{"icd10Code":"F19.2,F19.20","semanticType":"mobd","snomedConceptId":"51339003","type":"umls.MentalOrBehavioralDysfunction"}],"surfaceForms":[{"text":"polydrug dependence"},{"text":"polydrug dependance"},{"text":"poly-drug dependence"},{"text":"poly-drug dependance"}],"artifactVersion":"2022-04-04T13:51:45Z","disabled":false,"dictionary":"substance_use_extension_dictionary"},{"id":"C0858353","cui":"C0858353","preferredName":"addicted to heroin","attributes":[{"semanticType":"mobd","type":"umls.MentalOrBehavioralDysfunction"}],"surfaceForms":[{"text":"heroine addiction"},{"text":"heroine addict"},{"text":"addicted to heroin"}],"artifactVersion":"2022-04-04T13:51:45Z","disabled":false,"dictionary":"substance_use_extension_dictionary"},{"id":"C0740858","cui":"C0740858","preferredName":"Substance abuse problem","attributes":[{"icd10Code":"F19.10","icd9Code":"305.90","loincId":"MTHU019364,LA28195-8,LP36307-4","meshId":"M0029654","nciCode":"C18272","semanticType":"mobd","snomedConceptId":"66214007","type":"umls.MentalOrBehavioralDysfunction"}],"surfaceForms":[{"text":"substances abuse"}],"artifactVersion":"2022-04-04T13:51:45Z","disabled":false,"dictionary":"substance_use_extension_dictionary"},{"id":"C0040338","cui":"C0040338","preferredName":"Smokeless Tobacco","attributes":[{"linked":"true","loincId":"LA26092-9,LP264351-0","meshId":"M0021608","nciCode":"C892","semanticType":"sbst","type":"umls.Substance"}],"surfaceForms":[{"text":"dip tobacco"},{"text":"dips tobacco"},{"text":"dips smokeless tobacco"},{"text":"dips (smokeless) tobacco"},{"attributes":{"linkedFrom":"umls.2022aa"},"text":"smokeless tobacco"},{"attributes":{"linkedFrom":"umls.2022aa"},"text":"smokeless tobaccos"},{"attributes":{"linkedFrom":"umls.2022aa"},"text":"tobaccos, smokeless"},{"attributes":{"linkedFrom":"umls.2022aa"},"text":"tobacco, smokeless"},{"attributes":{"linkedFrom":"umls.2022aa"},"text":"spit tobacco"},{"attributes":{"linkedFrom":"umls.2022aa"},"text":"smoking, tobacco and cancer - smokeless tobacco"},{"attributes":{"linkedFrom":"umls.2022aa"},"text":"tobacco of spit"},{"attributes":{"linkedFrom":"umls.2022aa"},"text":"tobacco of the spit"},{"attributes":{"linkedFrom":"umls.2022aa"},"text":"spit tobaccos"},{"attributes":{"linkedFrom":"umls.2022aa"},"text":"tobaccos of spit"},{"attributes":{"linkedFrom":"umls.2022aa"},"text":"tobaccos of the spit"}],"removeSurfaceForms":[{"text":"dip"},{"text":"dips"}],"artifactVersion":"2022-04-04T13:51:45Z","disabled":false,"linkedConcept":true,"dictionary":"substance_use_extension_dictionary"},{"id":"C0013231","cui":"C0013231","preferredName":"Drugs, Non-Prescription","attributes":[{"meshId":"M0006860","nciCode":"C54068","semanticType":"phsu","type":"umls.PharmacologicSubstance"}],"surfaceForms":[{"text":"over-the-counter medication"},{"text":"over-the-counter medications"},{"text":"over the counter medication"},{"text":"over the counter medications"},{"text":"OTC medication"},{"text":"OTC med"},{"text":"OTC meds"},{"text":"OTC drugs"},{"text":"over-the-counter supplement"},{"text":"over-the-counter supplements"},{"text":"over the counter supplement"},{"text":"over the counter supplements"},{"text":"OTC supplement"},{"text":"OTC supplements"}],"artifactVersion":"2022-04-04T13:51:45Z","disabled":false,"dictionary":"substance_use_extension_dictionary"},{"id":"C0337672","cui":"C0337672","preferredName":"Non-smoker","attributes":[{"linked":"true","semanticType":"fndg","snomedConceptId":"8392000","type":"umls.Finding"}],"surfaceForms":[{"text":"non-smoker"},{"attributes":{"linkedFrom":"umls.2022aa"},"text":"non smoker"},{"attributes":{"linkedFrom":"umls.2022aa"},"text":"non smokers"},{"attributes":{"linkedFrom":"umls.2022aa"},"text":"nonsmokers"},{"attributes":{"linkedFrom":"umls.2022aa"},"text":"nonsmoker"},{"attributes":{"linkedFrom":"umls.2022aa"},"text":"non-smokers"}],"removeSurfaceForms":[{"text":"smoker non"}],"artifactVersion":"2022-04-04T13:51:45Z","disabled":false,"linkedConcept":true,"dictionary":"substance_use_extension_dictionary"},{"id":"C2584460","cui":"C2584460","preferredName":"Percutaneous transluminal septal myocardial ablation","attributes":[{"semanticType":"topp","snomedConceptId":"437746009","type":"umls.TherapeuticOrPreventiveProcedure"}],"surfaceForms":[{"text":"ethanol septal ablation"},{"text":"ethanol septal ablations"},{"text":"ETOH septal ablation"},{"text":"ETOH septal ablations"}],"artifactVersion":"2022-04-04T13:51:45Z","disabled":false,"dictionary":"substance_use_extension_dictionary"},{"id":"C0006870","cui":"C0006870","preferredName":"Cannabis Dependence","attributes":[{"icd10Code":"F12.20,F12.2,F12.21,F12.288,R11.10","linked":"true","meshId":"M0003276","nciCode":"C34445","semanticType":"mobd","snomedConceptId":"85005007","type":"umls.MentalOrBehavioralDysfunction"}],"surfaceForms":[{"text":"cannabis dependence"},{"attributes":{"linkedFrom":"umls.2022aa"},"text":"marijuana dependence"},{"attributes":{"linkedFrom":"umls.2022aa"},"text":"dependence of cannabis"},{"attributes":{"linkedFrom":"umls.2022aa"},"text":"dependence of the cannabis"},{"attributes":{"linkedFrom":"umls.2022aa"},"text":"dependence of marijuana"},{"attributes":{"linkedFrom":"umls.2022aa"},"text":"dependence of the marijuana"},{"attributes":{"linkedFrom":"umls.2022aa"},"text":"cannabis dependance"},{"attributes":{"linkedFrom":"umls.2022aa"},"text":"cannabis dependances"},{"attributes":{"linkedFrom":"umls.2022aa"},"text":"cannabis dependences"},{"attributes":{"linkedFrom":"umls.2022aa"},"text":"marijuana dependance"},{"attributes":{"linkedFrom":"umls.2022aa"},"text":"marijuana dependances"},{"attributes":{"linkedFrom":"umls.2022aa"},"text":"marijuana dependences"},{"attributes":{"linkedFrom":"umls.2022aa"},"text":"dependance of cannabis"},{"attributes":{"linkedFrom":"umls.2022aa"},"text":"dependances of cannabis"},{"attributes":{"linkedFrom":"umls.2022aa"},"text":"dependences of cannabis"},{"attributes":{"linkedFrom":"umls.2022aa"},"text":"dependance of the cannabis"},{"attributes":{"linkedFrom":"umls.2022aa"},"text":"dependances of the cannabis"},{"attributes":{"linkedFrom":"umls.2022aa"},"text":"dependences of the cannabis"},{"attributes":{"linkedFrom":"umls.2022aa"},"text":"dependance of marijuana"},{"attributes":{"linkedFrom":"umls.2022aa"},"text":"dependances of marijuana"},{"attributes":{"linkedFrom":"umls.2022aa"},"text":"dependences of marijuana"},{"attributes":{"linkedFrom":"umls.2022aa"},"text":"dependance of the marijuana"},{"attributes":{"linkedFrom":"umls.2022aa"},"text":"dependances of the marijuana"},{"attributes":{"linkedFrom":"umls.2022aa"},"text":"dependences of the marijuana"}],"removeSurfaceForms":[{"text":"dependence, cannabis"},{"text":"dependence, marijuana"}],"artifactVersion":"2022-04-04T13:51:45Z","disabled":false,"linkedConcept":true,"dictionary":"substance_use_extension_dictionary"}],"extends":"umls.latest","readonly":true}