{"id":"general_medical_literature_dictionary","name":"general_medical_literature_dictionary","layout":"umls","defaultTransforms":{"detectPreferredName":true,"normalizeCase":true,"detectUmlsSemanticType":true},"concepts":[{"id":"C1415900","cui":"C1415900","preferredName":"IFNA1 gene","attributes":[{"semanticType":"gngm","type":"umls.GeneOrGenome"}],"surfaceForms":[{"text":"IFN-α1"}]},{"id":"C0393022","cui":"C0393022","preferredName":"rituximab","attributes":[{"semanticType":"aapp","type":"umls.AminoAcidPeptideOrProtein"}],"surfaceForms":[{"text":"RTX"}]},{"id":"C3494626","cui":"C3494626","preferredName":"Former heavy tobacco smoker","attributes":[{"semanticType":"fndg","type":"umls.Finding"}],"surfaceForms":[{"text":"former heavy smoker"}]},{"id":"C1415904","cui":"C1415904","preferredName":"IFNA17 gene","attributes":[{"semanticType":"gngm","type":"umls.GeneOrGenome"}],"surfaceForms":[{"text":"IFN-α17"}]},{"id":"GML-00001","cui":"GML-00001","preferredName":"Interferon-zeta","attributes":[{"semanticType":"aapp","type":"umls.AminoAcidPeptideOrProtein"}],"surfaceForms":[{"text":"IFN-ζ"},{"text":"interferon zeta"},{"text":"IFNζ"}]},{"id":"C1309419","cui":"C1309419","preferredName":"HIG1 protein, human","attributes":[{"meshId":"M0359460","semanticType":"bacs","type":"umls.BiologicallyActiveSubstance"}],"surfaceForms":[{"text":"HIMP1"}]},{"id":"C4086681","cui":"C4086681","preferredName":"Overall Survival","attributes":[{"nciCode":"C125201","semanticType":"qnco","type":"umls.QuantitativeConcept"}],"surfaceForms":[{"text":"OS"}]},{"id":"C0041904","cui":"C0041904","preferredName":"Up-Regulation (Physiology)","attributes":[{"meshId":"M0024283","semanticType":"moft","type":"umls.MolecularFunction"}],"surfaceForms":[{"text":"up regulate"}]},{"id":"C0010181","cui":"C0010181","preferredName":"Cost Effectiveness","attributes":[{"type":"umls.QuantitativeConcept"}],"surfaceForms":[{"text":"incremental cost-effectiveness ratio"},{"text":"incremental cost-effectiveness ratios"},{"text":"incremental cost effectiveness ratio"},{"text":"incremental cost effectiveness ratios"},{"text":"ICER"},{"text":"ICERs"}]},{"id":"C3541708","cui":"C3541708","preferredName":"IFNL4 gene","attributes":[{"nciCode":"C124079","semanticType":"gngm","type":"umls.GeneOrGenome"}],"surfaceForms":[{"text":"IFN-λ4"},{"text":"IFN-l4"}]},{"id":"C1425622","cui":"C1425622","preferredName":"IFNLR1 gene","attributes":[{"semanticType":"gngm","type":"umls.GeneOrGenome"}],"surfaceForms":[{"text":"IFN-λR1"}]},{"id":"C0242708","cui":"C0242708","preferredName":"Antirheumatic Drugs, Disease-Modifying","attributes":[{"semanticType":"phsu","type":"umls.PharmacologicSubstance"}],"surfaceForms":[{"text":"DMARDs"},{"text":"sDMARD"},{"text":"sDMARDs"},{"text":"csDMARD"},{"text":"csDMARDs"},{"text":"tsDMARD"},{"text":"tsDMARDs"},{"text":"bDMARD"},{"text":"bDMARDs"},{"text":"boDMARD"},{"text":"boDMARDs"},{"text":"bsDMARD"},{"text":"bsDMARDs"},{"text":"cDMARD"},{"text":"cDMARDs"}]},{"id":"C0003873","cui":"C0003873","preferredName":"Rheumatoid Arthritis","attributes":[{"semanticType":"dsyn","type":"umls.DiseaseOrSyndrome"}],"surfaceForms":[{"text":"RA"}]},{"id":"C0030768","cui":"C0030768","preferredName":"Peer Review","attributes":[{"semanticType":"hlca","type":"umls.HealthCareActivity"}],"surfaceForms":[{"text":"peer-review"},{"text":"peer-reviewed"}]},{"id":"C1511536","cui":"C1511536","preferredName":"Cost-Effectiveness Analysis","attributes":[{"semanticType":"ocac","type":"umls.OccupationalActivity"}],"surfaceForms":[{"text":"CEA"}]},{"id":"C0035363","cui":"C0035363","preferredName":"Retrospective Studies","attributes":[{"meshId":"M0018978","nciCode":"C53312","semanticType":"resa","type":"umls.ResearchActivity"}],"surfaceForms":[{"text":"retrospective database studies"}]},{"id":"C0282460","cui":"C0282460","preferredName":"Phase 2 Clinical Trials","attributes":[{"meshId":"M0026306","nciCode":"C15601","semanticType":"resa","type":"umls.ResearchActivity"}],"surfaceForms":[{"attributes":{"gen":"tolower"},"text":"phase II"}]},{"id":"C1415908","cui":"C1415908","preferredName":"IFNA6 gene","attributes":[{"semanticType":"gngm","type":"umls.GeneOrGenome"}],"surfaceForms":[{"text":"IFN-α6"}]},{"id":"TempHypothermia","cui":"TempHypothermia","preferredName":"Hypothermia","attributes":[{"type":"TempRange"}],"regexes":[{"pattern":"\\b(?i)(?>(body )?temp(erature)?\\D{1,12}(9[0-4](\\.[0-9])?))( *° *F(ahrenheit)?| *deg(ree)?(s)? F(ahrenheit)?)?(?! *\\° *C(entigrade)?(elsius)?| *deg(ree)?(s)? C(entigrade)?(elsius)?)\\b"},{"pattern":"\\b(?i)([5-8][0-9](\\.[0-9])?|9[0-4](\\.[0-9])?)(( *°* *F(ahrenheit)?| *deg(ree)?(s)? F(ahrenheit)?))\\b"},{"pattern":"\\b(?i)(?>(body )?temp(erature)?\\D{1,12}(3[2-4](\\.[0-9])?))( *° *C(entigrade)?(elsius)?| *deg(ree)?(s)? C(entigrade)?(elsius)?)?(?! *\\° *F(ahrenheit)?| *deg(ree)?(s)? F(ahrenheit)?)\\b"},{"pattern":"\\b(?i)([1-2][0-9](\\.[0-9])?|3[0-4](\\.[0-9])?)( *°* *C(entigrade)?(elsius)?| *deg(ree)?(s)? C(entigrade)?(elsius)?)\\b"}]},{"id":"C0013072","cui":"C0013072","preferredName":"Double-Blind Method","attributes":[{"meshId":"M0006775","nciCode":"C15228","semanticType":"resa","type":"umls.ResearchActivity"}],"surfaceForms":[{"text":"double-blind"},{"text":"double-blinded"}]},{"id":"AgeAdolescent","cui":"AgeAdolescent","preferredName":"Adolescent","attributes":[{"type":"AgeRange"}],"regexes":[{"pattern":"\\b(?i)(age |aged )[ a-zA-Z]{0,16}(1[3-8])(?! wks| weeks| days| mo\\W| months)\\b"},{"pattern":"\\b(?<!\\.)(1[3-8])( year old| years old| years of age|-year-old| yo)\\b"}]},{"id":"C1334079","cui":"C1334079","preferredName":"IFNA13 gene","attributes":[{"nciCode":"C24481","semanticType":"gngm","type":"umls.GeneOrGenome"}],"surfaceForms":[{"text":"IFN-α13"}]},{"id":"C1176468","cui":"C1176468","preferredName":"Erythrocyte sedimentation rate measurement","attributes":[{"loincId":"LP16409-2,MTHU007980","nciCode":"C74611","semanticType":"lbpr","snomedConceptId":"416838001","type":"umls.LaboratoryProcedure"}],"surfaceForms":[{"text":"ESR"}]},{"id":"C0920321","cui":"C0920321","preferredName":"Phase I Clinical Trials","attributes":[{"meshId":"M0026303","nciCode":"C15600","semanticType":"resa","type":"umls.ResearchActivity"}],"surfaceForms":[{"attributes":{"gen":"tolower"},"text":"phase i"}]},{"id":"C0518214","cui":"C0518214","preferredName":"Perceived quality of life","attributes":[{"type":"umls.SignOrSymptom"}],"surfaceForms":[{"text":"QoL"},{"text":"qol"}]},{"id":"C1415903","cui":"C1415903","preferredName":"IFNA16 gene","attributes":[{"semanticType":"gngm","type":"umls.GeneOrGenome"}],"surfaceForms":[{"text":"IFN-α16"}]},{"id":"C3494627","cui":"C3494627","preferredName":"Former light tobacco smoker","attributes":[{"semanticType":"fndg","type":"umls.Finding"}],"surfaceForms":[{"text":"former light smoker"}]},{"id":"C0021743","cui":"C0021743","preferredName":"Interferon Type I","attributes":[{"meshId":"M0011489","semanticType":"aapp","type":"umls.AminoAcidPeptideOrProtein"}],"surfaceForms":[{"text":"IFN-I"},{"text":"iFN-i"},{"text":"type I IFN"},{"text":"type i iFN"}]},{"id":"C0034800","cui":"C0034800","preferredName":"Receptors, Cell Surface","attributes":[{"meshId":"M0018574","nciCode":"C17067","semanticType":"rcpt","type":"umls.Receptor"}],"surfaceForms":[{"text":"cell-surface receptor"},{"text":"cell-surface receptors"}]},{"id":"C1415907","cui":"C1415907","preferredName":"IFNA5 gene","attributes":[{"semanticType":"gngm","type":"umls.GeneOrGenome"}],"surfaceForms":[{"text":"IFN-α5"}]},{"id":"TempNormal","cui":"TempNormal","preferredName":"Normal","attributes":[{"type":"TempRange"}],"regexes":[{"pattern":"\\b(?i)(?>(body )?temp(erature)?\\D{1,12}(9[5-9](\\.[0-9])?|100(\\.[0-9])?|101(\\.[0-2])|101[^.]))( *°* *F(ahrenheit)?| *deg(ree)?(s)? F(ahrenheit)?)?(?! *°* *C(entigrade)?(elsius)?| *deg(ree)?(s)? C(entigrade)?(elsius)?)\\b"},{"pattern":"\\b(?i)(9[5-9](\\.[0-9])?|100(\\.[0-9])?|101(\\.[0-2])|101[^.])( *°* *F(ahrenheit)?| *deg(ree)?(s)? F(ahrenheit)?)\\b"},{"pattern":"\\b(?i)(?>(body )?temp(erature)?\\D{1,12}(3[5-7](\\.[0-9])?|38(\\.[0-5])?|38[^.]))( *°* *C(entigrade)?(elsius)?| *deg(ree)?(s)? C(entigrade)?(elsius)?)?(?! *\\°* *F(ahrenheit)?| *deg(ree)?(s)? F(ahrenheit)?)\\b"},{"pattern":"\\b(?i)(3[5-7](\\.[0-9])?|38(\\.[0-5])?|38[^.])( *°* *C(entigrade)?(elsius)?| *deg(ree)?(s)? C(entigrade)?(elsius)?)\\b"}]},{"id":"C1707455","cui":"C1707455","preferredName":"Comparison","attributes":[{"semanticType":"acty","type":"umls.Activity"}],"surfaceForms":[{"text":"versus"}]},{"id":"C4705734","cui":"C4705734","preferredName":"interferon type III","attributes":[{"meshId":"M000643315","semanticType":"aapp","type":"umls.AminoAcidPeptideOrProtein"}],"surfaceForms":[{"text":"type III IFN"}]},{"id":"C0237585","cui":"C0237585","preferredName":"Response Duration","attributes":[{"semanticType":"tmco","type":"umls.TemporalConcept"}],"surfaceForms":[{"text":"DOR"}]},{"id":"AgeChild","cui":"AgeChild","preferredName":"Child","attributes":[{"type":"AgeRange"}],"regexes":[{"pattern":"\\b(?i)(age |aged )[ a-zA-Z]{0,16}([6-9]|1[0-2])(?! wks| weeks| days| mo\\W| months)\\b"},{"pattern":"\\b(?<!\\.)([6-9]|1[0-2])( year old| years old| years of age|-year-old| yo)\\b"}]},{"id":"C2713320","cui":"C2713320","preferredName":"years of Potential Life Lost","attributes":[{"semanticType":"qnco","type":"umls.QuantitativeConcept"}],"surfaceForms":[{"text":"YPLL"}]},{"id":"C0078960","cui":"C0078960","preferredName":"Anterior Cruciate Ligament","attributes":[{"meshId":"M0024623","nciCode":"C32088","semanticType":"bpoc","snomedConceptId":"895007","type":"umls.BodyPartOrganOrOrganComponent"}],"surfaceForms":[{"text":"acl"}]},{"id":"C1425475","cui":"C1425475","preferredName":"IFNL3 gene","attributes":[{"loincId":"LP101190-9","nciCode":"C106355","semanticType":"gngm","type":"umls.GeneOrGenome"}],"surfaceForms":[{"text":"IFN-λ3"},{"attributes":{"gen":"tolower"},"text":"IFN-l3"}]},{"id":"C2718022","cui":"C2718022","preferredName":"Comparative Effectiveness Research","attributes":[{"semanticType":"resa","type":"umls.ResearchActivity"}],"surfaceForms":[{"text":"CER"}]},{"id":"AgeAdult","cui":"AgeAdult","preferredName":"Adult","attributes":[{"type":"AgeRange"}],"regexes":[{"pattern":"\\b(?i)(age |aged )[ a-zA-Z]{0,16}(19|2[0-9]|3[0-9]|4[0-4])(?! wks| weeks| days| mo\\W| months)\\b"},{"pattern":"\\b(?<!\\.)(19|2[0-9]|3[0-9]|4[0-4])( year old| years old| years of age|-year-old| yo)\\b"}]},{"id":"C0907160","cui":"C0907160","preferredName":"Pegylated Interferon Alfa","attributes":[{"nciCode":"C2491","semanticType":"phsu","type":"umls.PharmacologicSubstance"}],"surfaceForms":[{"text":"peg-IFN-α"},{"text":"pegylated IFN (peg-IFN)-α"}]},{"id":"C0003250","cui":"C0003250","preferredName":"Monoclonal Antibodies","attributes":[{"semanticType":"imft","type":"umls.ImmunologicFactor"}],"surfaceForms":[{"text":"mAb"}]},{"id":"C0282461","cui":"C0282461","preferredName":"Phase 3 Clinical Trials","attributes":[{"meshId":"M0026312","nciCode":"C15602","semanticType":"resa","type":"umls.ResearchActivity"}],"surfaceForms":[{"attributes":{"gen":"tolower"},"text":"phase III"}]},{"id":"AgeInfant","cui":"AgeInfant","preferredName":"Infant","attributes":[{"type":"AgeRange"}],"regexes":[{"pattern":"\\b(?i)(age |aged )[ a-zA-Z]{0,16}1(?! wks| weeks| days| mo\\W| months)\\b"},{"pattern":"\\b(?<!\\.)1( year old| years old| years of age|-year-old| yo)\\b"},{"pattern":"\\b(?i)(age |aged )[ a-zA-Z]{0,16}([1-9]|1[0-9]|2[0-3])( mo\\W| months)\\b"},{"pattern":"\\b(?<!\\.)([1-9]|1[0-9]|2[0-3])( month old| months old| months of age|-month-old)\\b"},{"pattern":"\\b(?i)(age |aged )[ a-zA-Z]{0,16}([1-9]|1[0-9]|2[0-9])( w\\W| weeks)\\b"},{"pattern":"\\b(?<!\\.)([1-9]|1[0-9]|2[0-9])( week old| weeks old| weeks of age|-week-old)\\b"},{"pattern":"\\b(?i)(age |aged )[ a-zA-Z]{0,16}([1-9]|1[0-9]|2[0-9])( d\\W| days)\\b"},{"pattern":"\\b(?<!\\.)([1-9]|1[0-9]|2[0-9])( day old| days old| days of age|-day-old)\\b"}]},{"id":"C1334086","cui":"C1334086","preferredName":"IFNW1 gene","attributes":[{"nciCode":"C24483","semanticType":"gngm","type":"umls.GeneOrGenome"}],"surfaceForms":[{"text":"IFN-ω"},{"text":"IFN omega"},{"text":"IFNω"},{"attributes":{"gen":"tolower"},"text":"IFN-omega"}]},{"id":"AgeAged","cui":"AgeAged","preferredName":"Aged","attributes":[{"type":"AgeRange"}],"regexes":[{"pattern":"\\b(?i)(age |aged )[ a-zA-Z]{0,16}(6[5-9]|7[0-9])(?! wks| weeks| days| mo\\W| months)\\b"},{"pattern":"\\b(?<!\\.)(6[5-9]|7[0-9])( year old| years old| years of age|-year-old| yo)\\b"}]},{"id":"C0206012","cui":"C0206012","preferredName":"Multicenter Trials","attributes":[{"semanticType":"resa","type":"umls.ResearchActivity"}],"surfaceForms":[{"text":"multicenter"},{"text":"multicentre"},{"text":"multi centre"},{"text":"multi center"},{"text":"multi-center"}]},{"id":"C0007131","cui":"C0007131","preferredName":"Non-Small Cell Lung Carcinoma","attributes":[{"type":"umls.NeoplasticProcess"}],"surfaceForms":[{"text":"non-small-cell lung cancer"}]},{"id":"C0524662","cui":"C0524662","preferredName":"Opiate Addiction","attributes":[{"semanticType":"mobd","type":"umls.MentalOrBehavioralDysfunction"}],"surfaceForms":[{"text":"opioid addiction"},{"text":"desire to sue opioids"},{"text":"tolerance to opioids"},{"text":"opioid use disorder"}]},{"id":"C0013081","cui":"C0013081","preferredName":"Down-Regulation","attributes":[{"meshId":"M0023902","semanticType":"moft","snomedConceptId":"49764008","type":"umls.MolecularFunction"}],"surfaceForms":[{"text":"down regulate"},{"text":"down regulation"}]},{"id":"C0717758","cui":"C0717758","preferredName":"Etanercept","attributes":[{"semanticType":"aapp","type":"umls.AminoAcidPeptideOrProtein"}],"surfaceForms":[{"text":"ETA"}]},{"id":"C0002199","cui":"C0002199","preferredName":"Interferon-alpha","attributes":[{"loincId":"LP18173-2,MTHU003526","meshId":"M0025711","semanticType":"aapp","snomedConceptId":"45754009,136111001","type":"umls.AminoAcidPeptideOrProtein"}],"surfaceForms":[{"text":"IFN-alpha"},{"text":"IFNα"},{"text":"IFN-α"}]},{"id":"C1334080","cui":"C1334080","preferredName":"IFNA2 gene","attributes":[{"nciCode":"C24482","semanticType":"gngm","type":"umls.GeneOrGenome"}],"surfaceForms":[{"text":"IFN-α2"}]},{"id":"C1415902","cui":"C1415902","preferredName":"IFNA14 gene","attributes":[{"nciCode":"C24481","semanticType":"gngm","type":"umls.GeneOrGenome"}],"surfaceForms":[{"text":"IFN-α14"}]},{"id":"C2144940","cui":"C2144940","preferredName":"Total Disc Replacement","attributes":[{"semanticType":"topp","type":"umls.TherapeuticOrPreventiveProcedure"}],"surfaceForms":[{"text":"ADR"}]},{"id":"TNFInhibitor","cui":"TNFInhibitor","preferredName":"TNF Inhibitor","attributes":[{"semanticType":"phsu","type":"umls.PharmacologicSubstance"}],"surfaceForms":[{"text":"TNF inhibitor"},{"text":"TNF inhibitors"},{"text":"inhibitor of TNF"},{"text":"inhibitors of TNF"},{"text":"inhibition of TNF"},{"text":"tumor necrosis factor inhibitor"},{"text":"tumor necrosis factor (TNF) inhibitor"},{"text":"tumour necrosis factor (TNF) inhibitor"},{"text":"anti-TNF"},{"text":"anti-tumour-necrosis-factor"},{"text":"anti-tumour necrosis factor"},{"text":"TNF antagonist"},{"text":"TNF antagonists"},{"text":"aTNF"},{"text":"aTNFs"},{"text":"TNFi"}]},{"id":"C1415906","cui":"C1415906","preferredName":"IFNA4 gene","attributes":[{"semanticType":"gngm","type":"umls.GeneOrGenome"}],"surfaceForms":[{"text":"IFN-α4"}]},{"id":"Disease-Activity","cui":"Disease-Activity","preferredName":"Disease Activity","attributes":[{"semanticType":"fndg","type":"umls.Finding"}],"surfaceForms":[{"text":"disease activity"}]},{"id":"C1415910","cui":"C1415910","preferredName":"IFNA8 gene","attributes":[{"semanticType":"gngm","type":"umls.GeneOrGenome"}],"surfaceForms":[{"text":"IFN-α8"}]},{"id":"C2684024","cui":"C2684024","preferredName":"Simponi","attributes":[{"meshId":"M0540850","rxNormId":"848161","semanticType":"phsu","type":"umls.PharmacologicSubstance"}],"surfaceForms":[{"attributes":{"gen":"tolower"},"text":"simponia aria"}]},{"id":"C0080071","cui":"C0080071","preferredName":"Quality-Adjusted Life Years","attributes":[{"type":"umls.TemporalConcept"}],"surfaceForms":[{"text":"QALYs"},{"text":"QALY"},{"text":"quality adjusted life years"},{"text":"quality adjusted life-years"},{"text":"quality-adjusted life-years"},{"text":"quality-adjusted life-years (qalys)"},{"text":"quality-adjusted life-years (QALYs)"}]},{"id":"C0302523","cui":"C0302523","preferredName":"Observation in research","attributes":[{"semanticType":"resa","type":"umls.ResearchActivity"}],"surfaceForms":[{"text":"observational"}]},{"id":"C1425474","cui":"C1425474","preferredName":"IFNL2 gene","attributes":[{"nciCode":"C104347","semanticType":"gngm","type":"umls.GeneOrGenome"}],"surfaceForms":[{"text":"IFN-λ2"},{"text":"IFN-l2"}]},{"id":"C0302995","cui":"C0302995","preferredName":"Fluorine-18","attributes":[{"semanticType":"irda","type":"umls.IndicatorReagentOrDiagnosticAid"}],"surfaceForms":[{"text":"[18F]"},{"text":"[18 f]"},{"text":"(18F)"},{"attributes":{"gen":"tolower"},"text":"(18 f)"}]},{"id":"TempHyperthermia","cui":"TempHyperthermia","preferredName":"Hyperthermia","attributes":[{"type":"TempRange"}],"regexes":[{"pattern":"\\b(?i)(?>(body )?temp(erature)?\\D{1,12}(101\\.[3-9]|10[2-9](\\.[0-9])?))( *°* *F(ahrenheit)?| *deg(ree)?(s)? F(ahrenheit)?)?(?! *\\°* *C(entigrade)?(elsius)?| *deg(ree)?(s)? C(entigrade)?(elsius)?)\\b"},{"pattern":"\\b(?i)(101\\.[3-9]|10[2-9](\\.[0-9])?)( *°* *F(ahrenheit)?| *deg(ree)?(s)? F(ahrenheit)?)\\b"},{"pattern":"\\b(?i)(?>(body )?temp(erature)?\\D{1,12}(38\\.[5-9]|39(\\.[0-9])?|4[0-6](\\.[0-9])?))( *°* *C(entigrade)?(elsius)?| *deg(ree)?(s)? C(entigrade)?(elsius)?)?(?! *\\°* *F(ahrenheit)?| *deg(ree)?(s)? F(ahrenheit)?)\\b"},{"pattern":"\\b(?i)(38\\.[5-9]|39(\\.[0-9])?|4[0-6](\\.[0-9])?)( *°* *C(entigrade)?(elsius)?| *deg(ree)?(s)? C(entigrade)?(elsius)?)\\b"}]},{"id":"C0282462","cui":"C0282462","preferredName":"Phase 4 Clinical Trials","attributes":[{"meshId":"M0026314","nciCode":"C15603","semanticType":"resa","type":"umls.ResearchActivity"}],"surfaceForms":[{"attributes":{"gen":"tolower"},"text":"phase IV"}]},{"id":"AgePreschool","cui":"AgePreschool","preferredName":"Preschool","attributes":[{"type":"AgeRange"}],"regexes":[{"pattern":"\\b(?i)(age |aged )[ a-zA-Z]{0,16}[2-5](?! wks| weeks| days| mo\\W| months)\\b"},{"pattern":"\\b(?<!\\.)[2-5]( year old| years old| years of age|-year-old| yo)\\b"}]},{"id":"C0282620","cui":"C0282620","preferredName":"Adjusted Life Years","attributes":[{"type":"tmco"}],"surfaceForms":[{"text":"DALY"},{"text":"DALYs"},{"text":"YLD"},{"text":"YLDs"}]},{"id":"C0015980","cui":"C0015980","preferredName":"Interferon-beta","attributes":[{"loincId":"LP18172-4,MTHU003525","meshId":"M0025715","nciCode":"C20495","rxNormId":"4381","semanticType":"aapp","snomedConceptId":"420710006,136112008","type":"umls.AminoAcidPeptideOrProtein"}],"surfaceForms":[{"text":"IFN-β"},{"text":"IFN-b"},{"text":"IFN beta"},{"text":"IFN-beta"},{"text":"IFNβ"}]},{"id":"C1415901","cui":"C1415901","preferredName":"IFNA10 gene","attributes":[{"semanticType":"gngm","type":"umls.GeneOrGenome"}],"surfaceForms":[{"text":"IFN-α10"}]},{"id":"C0242793","cui":"C0242793","preferredName":"Disease-Free Survival","attributes":[{"meshId":"M0027839","nciCode":"C17751,C96340","semanticType":"qnco","type":"umls.QuantitativeConcept"}],"surfaceForms":[{"text":"DFS"}]},{"id":"C1424276","cui":"C1424276","preferredName":"HM13 gene","attributes":[{"semanticType":"gngm","type":"umls.GeneOrGenome"}],"surfaceForms":[{"text":"IMPAS-1"},{"text":"minor histocompatibility antigen 13"},{"text":"signal peptide peptidase"},{"text":"MSTP086"}]},{"id":"C3274035","cui":"C3274035","preferredName":"Interventional Study","attributes":[{"semanticType":"resa","type":"umls.ResearchActivity"}],"surfaceForms":[{"text":"interventional"}]},{"id":"C1415905","cui":"C1415905","preferredName":"IFNA21 gene","attributes":[{"semanticType":"gngm","type":"umls.GeneOrGenome"}],"surfaceForms":[{"text":"IFN-α21"}]},{"id":"C0149925","cui":"C0149925","preferredName":"Small cell carcinoma of lung","attributes":[{"type":"umls.NeoplasticProcess"}],"surfaceForms":[{"text":"small-cell lung cancer"}]},{"id":"C1709323","cui":"C1709323","preferredName":"Open Label Study","attributes":[{"type":"umls.ResearchActivity"}],"surfaceForms":[{"text":"open label"},{"text":"open-label"}]},{"id":"C0041755","cui":"C0041755","preferredName":"Adverse reaction to drug","attributes":[{"icd10Code":"T88.7,T50.905?","icd9Code":"995.29,995.2","loincId":"MTHU052190,LA7429-9,LP72702-1","meshId":"M0581793","nciCode":"C142385","semanticType":"patf","snomedConceptId":"62014003,264519003","type":"umls.PathologicFunction"}],"surfaceForms":[{"text":"ADRs"},{"text":"ADR"}]},{"id":"AgeMiddleAged","cui":"AgeMiddleAged","preferredName":"Middle Aged","attributes":[{"type":"AgeRange"}],"regexes":[{"pattern":"\\b(?i)(age |aged )[ a-zA-Z]{0,16}(4[5-9]|5[0-9]|6[0-4])(?! wks| weeks| days| mo\\W| months)\\b"},{"pattern":"\\b(?<!\\.)(4[5-9]|5[0-9]|6[0-4])( year old| years old| years of age|-year-old| yo)\\b"}]},{"id":"GML-00002","cui":"GML-00002","preferredName":"Murine Interferon Alpha","attributes":[{"semanticType":"aapp","type":"umls.AminoAcidPeptideOrProtein"}],"surfaceForms":[{"text":"MuIFN-α"}]},{"id":"C0722364","cui":"C0722364","preferredName":"Oxycontin","attributes":[{"semanticType":"phsu","type":"umls.PharmacologicSubstance"}],"surfaceForms":[{"text":"OxyContin"}]},{"id":"Disease-Burden","cui":"Disease-Burden","preferredName":"Disease Burden","attributes":[{"semanticType":"idcn","type":"umls.IdeaOrConcept"}],"surfaceForms":[{"attributes":{"gen":"tolower"},"text":"disease burden"}]},{"id":"C1425473","cui":"C1425473","preferredName":"IFNL1 gene","attributes":[{"nciCode":"C104350","semanticType":"gngm","type":"umls.GeneOrGenome"}],"surfaceForms":[{"text":"IFN-λs"},{"text":"IFN-λ"},{"text":"IFN-λ1"},{"text":"IFN-lambda"},{"text":"IFN-l"},{"text":"interferon lambda"},{"attributes":{"gen":"tolower"},"text":"IFN-l1"},{"text":"IFN lambda"},{"text":"IFNλ"}]},{"id":"Age80andOlder","cui":"Age80andOlder","preferredName":"80 and older","attributes":[{"type":"AgeRange"}],"regexes":[{"pattern":"\\b(?i)(age |aged )[ a-zA-Z]{0,16}(8[0-9]|9[0-9]|10[0-9]|11[0-9])(?! wks| weeks| days| mo\\W| months)\\b"},{"pattern":"\\b(?<!\\.)(8[0-9]|9[0-9]|10[0-9]|11[0-9])( year old| years old| years of age|-year-old| yo)\\b"}]},{"id":"C1453579","cui":"C1453579","preferredName":"IFNT1 protein, Bos taurus","attributes":[{"meshId":"M0468749","semanticType":"aapp","type":"umls.AminoAcidPeptideOrProtein"}],"surfaceForms":[{"text":"IFN-τ"},{"text":"IFN tau"},{"text":"IFNτ"},{"attributes":{"gen":"tolower"},"text":"IFN-tau"}]},{"id":"C1415909","cui":"C1415909","preferredName":"IFNA7 gene","attributes":[{"semanticType":"gngm","type":"umls.GeneOrGenome"}],"surfaceForms":[{"text":"IFN-α7"}]},{"id":"C2681609","cui":"C2681609","preferredName":"IFNE gene","attributes":[{"semanticType":"gngm","type":"umls.GeneOrGenome"}],"surfaceForms":[{"text":"IFN-ε"},{"text":"IFNε"},{"attributes":{"gen":"tolower"},"text":"IFN-epsilon"},{"attributes":{"gen":"tolower"},"text":"IFN epsilon"}]},{"id":"C1427711","cui":"C1427711","preferredName":"IFNK gene","attributes":[{"semanticType":"gngm","type":"umls.GeneOrGenome"}],"surfaceForms":[{"text":"IFN-κ"},{"text":"IFN kappa"},{"text":"IFNκ"},{"attributes":{"gen":"tolower"},"text":"IFN-kappa"}]},{"id":"C0206034","cui":"C0206034","preferredName":"Clinical Trials, Randomized","attributes":[{"type":"umls.ResearchActivity"}],"surfaceForms":[{"text":"randomized trial"},{"text":"randomized trials"},{"text":"randomised controlled trials"},{"text":"rct"},{"text":"RCTs"}]}]}