{"id":"clinical_insights_-_dates","name":"Clinical Insights - Dates","layout":"umls","defaultTransforms":{"detectPreferredName":true,"normalizeCase":true,"detectUmlsSemanticType":true},"concepts":[{"id":"CID-00001","cui":"CID-00001","preferredName":"Clinical Insight Date","attributes":[{"type":"ICTemporalDate"}],"regexes":[{"pattern":"\\b((0?[1-9]|1[012])[- /.](0?[1-9]|[12][0-9]|3[01])[- /.](19|20)?[0-9]{2})\\b"},{"pattern":"\\b((0?[1-9]|[12][0-9]|3[01])[- /.](0?[1-9]|1[012])[- /.](19|20)?[0-9]{2})\\b"},{"pattern":"\\d{1,2}[-/]((?i)(Jan(uary)?|Feb(ruary)?|Mar(ch)?|Apr(il)?|May|Jun(e)?|Jul(y)?|Aug(ust)?|Sep(tember)?|Oct(ober)?|Nov(ember)?|Dec(ember)?))[-/]\\d{2,4}"},{"pattern":"(?i)(Jan(uary)?|Feb(ruary)?|Mar(ch)?|Apr(il)?|May|Jun(e)?|Jul(y)?|Aug(ust)?|Sep(tember)?|Oct(ober)?|Nov(ember)?|Dec(ember)?)\\s+\\d{1,2}(st|nd|rd|th)?(,\\s+\\d{4})?"}],"disabled":false}]}