{"id":"clinical_insights_-_medication_extension","name":"Clinical Insights - Medication Extension","layout":"drug_whitelist","defaultTransforms":{"detectPreferredName":true,"normalizeCase":true},"concepts":[{"id":"901ae8aa-5ede-4bf3-80bf-9eac5c980907","preferredName":"Heparin Sodium (Porcine)","attributes":[{"rxNormID":"314659"}],"surfaceForms":[{"text":"heparin sodium (porcine)"}],"artifactVersion":"2022-04-13T21:37:20Z","disabled":false,"dictionary":"clinical_insights_-_medication_extension"},{"id":"1fbffbd3-c740-400c-9a61-c0459abdff89","preferredName":"Enoxaparin Sodium","attributes":[{"rxNormID":"221095"}],"surfaceForms":[{"text":"enoxaparin sodium"}],"artifactVersion":"2022-04-13T21:37:20Z","disabled":false,"dictionary":"clinical_insights_-_medication_extension"},{"id":"84fcb82f-b118-4607-a339-f9efae118496","preferredName":"Heparin Sodium","attributes":[{"rxNormID":"9877"}],"surfaceForms":[{"text":"heparin sodium"}],"artifactVersion":"2022-04-13T21:37:20Z","disabled":false,"dictionary":"clinical_insights_-_medication_extension"},{"id":"5bef4bba-b88e-4722-ba1d-bc7f360721e0","preferredName":"Insulin Human","attributes":[{}],"surfaceForms":[{"text":"insulin"},{"text":"insulin regular"},{"text":"insulin regular human"},{"text":"insulin NPH human recomb subcutaneous"},{"text":"insulin NPH human recomb"},{"text":"insulin NPH human"},{"text":"insulin NPH"}],"artifactVersion":"2022-04-13T21:37:20Z","disabled":false,"dictionary":"clinical_insights_-_medication_extension"},{"id":"0f6888e4-4d5b-4bc0-a165-ae64cffa27ae","preferredName":"Tylenol Cough","attributes":[{"rxNormID":"220570"}],"surfaceForms":[{"text":"tylenol cough"},{"text":"tylenol cough and cold"},{"text":"tylenol cough and cold severe"},{"text":"tylenol cough and flu"}],"artifactVersion":"2023-03-09T13:39:02.192413Z","disabled":false,"dictionary":"clinical_insights_-_medication_extension"},{"id":"f606e6fe-98ef-47ce-9d40-9da64ff5acf0","preferredName":"Docusate Sodium","attributes":[{"rxNormID":"71722"}],"surfaceForms":[{"text":"docusate sodium"}],"artifactVersion":"2022-04-13T21:37:20Z","disabled":false,"dictionary":"clinical_insights_-_medication_extension"}]}