{"id":"clinical_insights_-_symptom_disease_extension","name":"Clinical Insights - Symptom Disease Extension","layout":"symptom_disease_whitelist","defaultTransforms":{"detectPreferredName":true,"normalizeCase":true},"concepts":[{"id":"C0920289","cui":"C0920289","preferredName":"Sluggishness","attributes":[{"snomedConceptid":"399317006"}],"surfaceForms":[{"text":"sluggish"},{"text":"sluggishness"}],"artifactVersion":"2022-04-13T21:37:30.985234Z","dictionary":"clinical_insights_-_symptom_disease_extension"},{"id":"C1179404","cui":"C1179404","preferredName":"Heterogeneous tissue","attributes":[{}],"surfaceForms":[{"text":"heterogeneous liver"},{"text":"liver heterogeneity"},{"text":"heterogeneous thyroid"},{"text":"thyroid heterogeneneity"},{"text":"heterogeneous kidney"},{"text":"kidney heterogeneneity"},{"text":"heterogeneous kidneys"},{"text":"heterogeneous mass"},{"text":"heterogeneous masses"},{"text":"heterogeneous tumor"},{"text":"heterogeneous tumors"},{"text":"heterogeneous echogenicity"},{"text":"heterogeneous echotextures"},{"text":"heterogeneous echotexture"},{"text":"echotexture heterogeneity"}],"artifactVersion":"2022-04-13T21:37:30.987234Z","dictionary":"clinical_insights_-_symptom_disease_extension"},{"id":"C0428977","cui":"C0428977","preferredName":"Bradycardia","attributes":[{"icd10Code":"O99.419,P29.12,P20.9,R00.1","icd9Code":"427.89","snomedConceptid":"48867003"}],"surfaceForms":[{"text":"bradycardic"}],"artifactVersion":"2022-04-13T21:37:30.988234Z","dictionary":"clinical_insights_-_symptom_disease_extension"},{"id":"C0034065","cui":"C0034065","preferredName":"Pulmonary Embolism","attributes":[{"icd10Code":"I26.9,I26.99","icd9Code":"415.19","snomedConceptid":"59282003"}],"surfaceForms":[{"text":"PE"}],"artifactVersion":"2022-04-13T21:37:30.989234Z","dictionary":"clinical_insights_-_symptom_disease_extension"},{"id":"C0011849","cui":"C0011849","preferredName":"Diabetes","attributes":[{"snomedConceptid":"73211009"}],"surfaceForms":[{"text":"diabetic"}],"artifactVersion":"2022-04-13T21:37:30.990234Z","dictionary":"clinical_insights_-_symptom_disease_extension"},{"id":"C0795691","cui":"C0795691","preferredName":"HEART PROBLEM","attributes":[{}],"surfaceForms":[{"text":"heart problem"},{"text":"heart problems"},{"text":"heart issue"},{"text":"heart issues"},{"text":"heart trouble"},{"text":"heart troubles"},{"text":"cardiac problem"},{"text":"cardiac problems"},{"text":"cardiac issue"},{"text":"cardiac issues"},{"text":"cardiac trouble"},{"text":"cardiac troubles"}],"artifactVersion":"2022-04-13T21:37:30.991234Z","dictionary":"clinical_insights_-_symptom_disease_extension"},{"id":"C1707737","cui":"C1707737","preferredName":"Diaphoretic","attributes":[{}],"surfaceForms":[{"text":"diaphoretic"},{"text":"diaphoretics"},{"text":"sudorific"}],"artifactVersion":"2022-04-13T21:37:30.992234Z","dictionary":"clinical_insights_-_symptom_disease_extension"},{"id":"C0079134","cui":"C0079134","preferredName":"clostridioides difficile","attributes":[{"snomedConceptid":"5933001"}],"surfaceForms":[{"text":"c. diff"},{"text":"c diff"}],"artifactVersion":"2022-04-13T21:37:30.994234Z","dictionary":"clinical_insights_-_symptom_disease_extension"},{"id":"C4054315","cui":"C4054315","preferredName":"Organomegaly","attributes":[{}],"surfaceForms":[{"text":"organomegaly"},{"text":"enlarged organs"}],"artifactVersion":"2022-04-13T21:37:30.996234Z","dictionary":"clinical_insights_-_symptom_disease_extension"},{"id":"C0022821","cui":"C0022821","preferredName":"Kyphosis","attributes":[{"icd10Code":"M40.209,M40.29,M40.00","icd9Code":"737.41","snomedConceptid":"414564002"}],"surfaceForms":[{"text":"kyphotic"}],"artifactVersion":"2022-04-13T21:37:30.995234Z","dictionary":"clinical_insights_-_symptom_disease_extension"},{"id":"C0240962","cui":"C0240962","preferredName":"Scleral icterus","attributes":[{"icd10Code":"R17,H15.89,P59.9","snomedConceptid":"246975001"}],"surfaceForms":[{"text":"scleral icterus"},{"text":"scleral jaundice"},{"text":"sclera yellow"},{"text":"sclerae yellow"},{"text":"yellow sclera"},{"text":"yellow sclerae"},{"text":"yellow scleras"},{"text":"sclera yellowing"},{"text":"sclerae yellowing"},{"text":"icteric sclera"},{"text":"icteric sclerae"},{"text":"icteric scleras"},{"text":"i.c. sclera"},{"text":"i.c. sclerae"},{"text":"i.c. scleras"}],"artifactVersion":"2022-04-13T21:37:30.997234Z","dictionary":"clinical_insights_-_symptom_disease_extension"},{"id":"C0311394","cui":"C0311394","preferredName":"Difficulty walking","attributes":[{"snomedConceptid":"719232003,228158008"}],"surfaceForms":[{"text":"difficulty with walking"}],"artifactVersion":"2022-04-13T21:37:30.999234Z","disabled":false,"dictionary":"clinical_insights_-_symptom_disease_extension"},{"id":"C0748618","cui":"C0748618","preferredName":"Sensory deficit","attributes":[{}],"surfaceForms":[{"text":"sensory deficit"},{"text":"sensory deficits"},{"text":"sensory deficiency"}],"artifactVersion":"2022-04-13T21:37:31.001234Z","dictionary":"clinical_insights_-_symptom_disease_extension"},{"id":"C0277854","cui":"C0277854","preferredName":"dyspneic","attributes":[{}],"surfaceForms":[{"text":"dyspneic"},{"text":"dyspneics"},{"text":"dyspnoeic"},{"text":"dyspnoeics"}],"artifactVersion":"2022-04-13T21:37:30.998234Z","dictionary":"clinical_insights_-_symptom_disease_extension"},{"id":"C4304688","cui":"C4304688","preferredName":"Decline in functional status","attributes":[{"icd10Code":"R53,R27.8,R68.89","snomedConceptid":"154091000119106"}],"surfaceForms":[{"text":"decline in functional status"},{"text":"decline in funct status"},{"text":"declines in functional status"},{"text":"declines in funct status"},{"text":"functional decline"},{"text":"functional declines"}],"artifactVersion":"2022-04-13T21:37:31.002234Z","disabled":false,"dictionary":"clinical_insights_-_symptom_disease_extension"},{"id":"C0277977","cui":"C0277977","preferredName":"Murphy's sign","attributes":[{"icd10Code":"R19.8","icd9Code":"789.99","snomedConceptid":"53566005"}],"surfaceForms":[{"attributes":{"gen":"tolower"},"text":"murphys sign"},{"attributes":{"gen":"tolower"},"text":"murphy's sign"},{"attributes":{"gen":"tolower"},"text":"murphy sign"}],"artifactVersion":"2022-04-13T21:37:31.003234Z","dictionary":"clinical_insights_-_symptom_disease_extension"},{"id":"C0039231","cui":"C0039231","preferredName":"Tachycardia","attributes":[{"icd10Code":"P29.89,P20.9,P29.11,O36.8390,R00.0","snomedConceptid":"3424008,86651002"}],"surfaceForms":[{"text":"tachycardic"}],"artifactVersion":"2022-04-13T21:37:31.005234Z","dictionary":"clinical_insights_-_symptom_disease_extension"},{"id":"C0011168","cui":"C0011168","preferredName":"Deglutition Disorders","attributes":[{"snomedConceptid":"288939007,40739000"}],"surfaceForms":[{"text":"inability to swallow"},{"text":"unable to swallow"},{"text":"difficulty swallowing"},{"text":"difficulty with swallowing"}],"artifactVersion":"2022-04-13T21:37:31.004234Z","dictionary":"clinical_insights_-_symptom_disease_extension"},{"id":"C0018777","cui":"C0018777","preferredName":"Conductive hearing loss","attributes":[{"icd10Code":"H90.2","snomedConceptid":"44057004"}],"surfaceForms":[{"text":"conductive loss"}],"artifactVersion":"2022-04-13T21:37:31.006234Z","dictionary":"clinical_insights_-_symptom_disease_extension"},{"id":"C0857121","cui":"C0857121","preferredName":"Hypertensive","attributes":[{}],"surfaceForms":[{"text":"hypertension"},{"text":"hyper-t"},{"text":"HyperT"},{"text":"hyper-tx"},{"text":"hyper-tensive"},{"text":"hypertensive"}],"artifactVersion":"2022-04-13T21:37:31.007234Z","dictionary":"clinical_insights_-_symptom_disease_extension"},{"id":"C0019080","cui":"C0019080","preferredName":"Hemorrhage","attributes":[{"icd10Code":"R58,P54.9","snomedConceptid":"50960005,131148009"}],"surfaceForms":[{"text":"hemorrhaging"},{"text":"hemorrhaged"}],"artifactVersion":"2022-04-13T21:37:31.009234Z","dictionary":"clinical_insights_-_symptom_disease_extension"}]}