{"id":"clinical_insights_-_procedure_extension","name":"Clinical Insights - Procedure Extension","layout":"procedure_whitelist","defaultTransforms":{"detectPreferredName":true,"normalizeCase":true},"concepts":[{"id":"C1160858","cui":"C1160858","preferredName":"Behavior assessment","attributes":[{"snomedConceptid":"165309004,396068002,225385005"}],"surfaceForms":[{"text":"behavioral evaluation"}],"artifactVersion":"2022-04-13T21:37:19.346193Z","disabled":false,"dictionary":"clinical_insights_-_procedure_extension"},{"id":"C2350390","cui":"C2350390","preferredName":"Myocardial Perfusion Imaging","attributes":[{}],"surfaceForms":[{"text":"MIBI"},{"text":"MIBI test"},{"text":"MIBI tests"},{"text":"MIBI scan"},{"text":"MIBI scans"},{"text":"MPI"},{"text":"MPI test"},{"text":"MPI tests"},{"text":"MPI scan"},{"text":"MPI scans"}],"artifactVersion":"2022-04-13T21:37:19.349193Z","disabled":false,"dictionary":"clinical_insights_-_procedure_extension"},{"id":"C0041618","cui":"C0041618","preferredName":"Ultrasonography","attributes":[{"snomedConceptid":"278292003,16310003"}],"surfaceForms":[{"text":"RUQ US"},{"text":"LUQ US"},{"text":"RLQ US"},{"text":"LLQ US"}],"artifactVersion":"2022-04-13T21:37:19.348193Z","disabled":false,"dictionary":"clinical_insights_-_procedure_extension"},{"id":"C0231832","cui":"C0231832","preferredName":"Respiratory rate","attributes":[{"snomedConceptid":"86290005"}],"surfaceForms":[{"text":"respiration rate"},{"text":"respiration rates"},{"text":"respiratory rate"},{"text":"respiratory rates"},{"text":"breathing rate"},{"text":"breathing rates"},{"text":"rate of breathing"}],"artifactVersion":"2022-04-13T21:37:19.351193Z","disabled":false,"dictionary":"clinical_insights_-_procedure_extension"},{"id":"C0554808","cui":"C0554808","preferredName":"Forced Diuresis","attributes":[{"snomedConceptid":"182736004"}],"surfaceForms":[{"text":"diuresis"},{"text":"diurese"},{"text":"diuresed"},{"text":"forced diuresis"}],"artifactVersion":"2022-04-13T21:37:19.353193Z","disabled":false,"dictionary":"clinical_insights_-_procedure_extension"},{"id":"C0034606","cui":"C0034606","preferredName":"Radionuclide Imaging","attributes":[{"snomedConceptid":"373205008"}],"surfaceForms":[{"text":"barium study"},{"text":"barium studies"},{"text":"barium swallow"},{"text":"modified barium swallow"},{"text":"barium test"},{"text":"barium tests"},{"text":"barium imaging"},{"text":"barium scan"},{"text":"barium scans"},{"text":"nuclear scan"},{"text":"nuclear scans"},{"text":"gadolinium study"},{"text":"gadolinium studies"},{"text":"radioactive iodine study"},{"text":"radioactive iodine studies"},{"text":"barium sulfate study"},{"text":"barium sulfate studies"},{"text":"barium-sulfate study"},{"text":"barium-sulfate studies"}],"artifactVersion":"2022-04-13T21:37:19.354193Z","dictionary":"clinical_insights_-_procedure_extension"},{"id":"C1282536","cui":"C1282536","preferredName":"Contrast swallow","attributes":[{"snomedConceptid":"315292000"}],"surfaceForms":[{"text":"swallowing study"},{"text":"swallow study"}],"artifactVersion":"2022-04-13T21:37:19.356193Z","disabled":false,"dictionary":"clinical_insights_-_procedure_extension"},{"id":"C0919386","cui":"C0919386","preferredName":"Pathology","attributes":[{}],"surfaceForms":[{"attributes":{"gen":"tolower"},"text":"histopathology"}],"artifactVersion":"2022-04-13T21:37:19.358193Z","disabled":false,"dictionary":"clinical_insights_-_procedure_extension"},{"id":"C0042014","cui":"C0042014","preferredName":"Urinalysis","attributes":[{"snomedConceptid":"27171005,167217005"}],"surfaceForms":[{"text":"UA"}],"artifactVersion":"2022-04-13T21:37:19.359193Z","dictionary":"clinical_insights_-_procedure_extension"}]}