{"id":"clinical_insights_-_normality_extension","name":"Clinical Insights - Normality Extension","layout":"umls","defaultTransforms":{"detectPreferredName":true,"normalizeCase":true,"detectUmlsSemanticType":true},"concepts":[{"id":"C0033707","cui":"C0033707","preferredName":"Prothrombin time assay","attributes":[{"meshId":"M0017905","nciCode":"C62656","snomedConceptId":"396451008","type":"ICNormality"}],"surfaceForms":[{"text":"PT"}],"disabled":false},{"id":"C0018810","cui":"C0018810","preferredName":"heart rate","attributes":[{"loincId":"MTHU003114,LP91312-6,LP32063-7","meshId":"M0009960","nciCode":"C49677","snomedConceptId":"364075005","type":"ICNormality"}],"surfaceForms":[{"text":"heart rate"},{"text":"heart rates"},{"text":"cardiac rate"},{"text":"cardiac rates"},{"text":"rate of heart"},{"text":"rate of the heart"},{"text":"pulse"},{"text":"pulse rate"}],"disabled":false},{"id":"C0005910","cui":"C0005910","preferredName":"Body Weight","attributes":[{"loincId":"LP32007-4,LP65139-5,LP18015-5,LP29703-3,MTHU001885","meshId":"M0002758","nciCode":"C81328","snomedConceptId":"27113001","type":"ICNormality"}],"surfaceForms":[{"text":"body weight"},{"text":"bodies weight"},{"text":"weight"},{"text":"weighted"},{"text":"weighting"},{"text":"body wgt."},{"text":"bodies wgt."},{"text":"wgt."},{"text":"weight of body"},{"text":"weight of the body"},{"text":"weight of bodies"},{"text":"weight of the bodies"},{"text":"body weights"},{"text":"bodies weights"},{"text":"weights"},{"text":"weights of body"},{"text":"weights of the body"},{"text":"weights of bodies"},{"text":"weights of the bodies"},{"text":"weights, body"},{"text":"weight, body"},{"text":"wgt., body"},{"text":"weights, bodies"},{"text":"weight, bodies"},{"text":"wgt., bodies"}],"disabled":false},{"id":"C0199747","cui":"C0199747","preferredName":"Allergy testing","attributes":[{"meshId":"M0538474","type":"ICNormality"}],"surfaceForms":[{"text":"c1"},{"text":"c2"}],"disabled":false},{"id":"C0542538","cui":"C0542538","preferredName":"Observation of Sensation","attributes":[{"snomedConceptId":"271712005","type":"ICNormality"}],"surfaceForms":[{"text":"sensation"}]},{"id":"C0023508","cui":"C0023508","preferredName":"White Blood Cell Count procedure","attributes":[{"meshId":"M0012405","nciCode":"C51948","snomedConceptId":"767002","type":"ICNormality"}],"surfaceForms":[{"text":"white count"}],"disabled":false},{"id":"C0489786","cui":"C0489786","preferredName":"Height","attributes":[{"loincId":"LP72681-7,MTHU005354","nciCode":"C25347","type":"ICNormality"}],"surfaceForms":[{"text":"height"},{"text":"heights"},{"text":"heighth"},{"text":"height at time of procedure"},{"text":"height at time of proc"},{"text":"heighth at time of procedure"},{"text":"heighth at time of proc"},{"text":"heights at time of procedure"},{"text":"heights at time of proc"}],"disabled":false},{"id":"C0596002","cui":"C0596002","preferredName":"Observation of reflex","attributes":[{"snomedConceptId":"106146005","type":"ICNormality"}],"surfaceForms":[{"text":"reflexes"}]},{"id":"C0005823","cui":"C0005823","preferredName":"Blood Pressure","attributes":[{"loincId":"MTHU008342,LP90874-6,LP40259-1","meshId":"M0002706","nciCode":"C54706","snomedConceptId":"75367002","type":"ICNormality"}],"surfaceForms":[{"text":"blood pressure"},{"text":"pressure of blood"},{"text":"blood pressures"},{"text":"BP - blood pressure"},{"text":"BP - blood pressures"},{"text":"BP"}],"disabled":false},{"id":"C0005903","cui":"C0005903","preferredName":"Body Temperature","attributes":[{"loincId":"MTHU001362,LP65487-8,LP36617-6","meshId":"M0002751","snomedConceptId":"386725007,722490005,105723007","type":"ICNormality"}],"surfaceForms":[{"text":"body temperature"},{"text":"temperature"},{"text":"body temp"},{"text":"temperature of body"},{"text":"temperature of the body"},{"text":"temp of body"},{"text":"temp of the body"},{"text":"body temperatures"},{"text":"temperatures"},{"text":"body temps"},{"text":"temperatures of body"},{"text":"temperatures of the body"},{"text":"temps of body"},{"text":"temps of the body"},{"text":"temp"}],"disabled":false}]}