{"id":"substance_use_sections_dictionary","name":"Substance Use Sections Dictionary","layout":"section_whitelist","concepts":[{"id":"259808af-7f58-4897-a71d-ce5be93d7307","preferredName":"Recreational Drugs","attributes":[{}],"surfaceForms":[{"text":"Recreational drugs"}],"disabled":false},{"id":"6ffdccf7-a9f1-430e-9cd9-f6db7ef854ad","preferredName":"Past Addictions History","attributes":[{}],"surfaceForms":[{"text":"Past addictions history"}],"disabled":false},{"id":"5469298e-cd0f-43ac-9d61-f82b19a07fea","preferredName":"Illicit Drugs","attributes":[{}],"surfaceForms":[{"text":"Illicit drugs"},{"text":"- Illicit drugs"}],"disabled":false}]}